url,title,brand,model,year,location,region,price,mileage,fuel,transmission,engine,status
https://www.gaaraas.com/fr/vehicle_listings/annonce-renault-scenic-dakar-dakar-1590,2006 Renault Scenic,Renault,Scenic,2006,Dakar,Dakar,2 300 000,200000,,Manuelle,N/A,
https://www.gaaraas.com/fr/vehicle_listings/annonce-skoda-octavia-dakar-dakar-2298,2012 Skoda Octavia,Skoda,Octavia,2012,Dakar,Dakar,3 500 000,147000,,Manuelle,N/A,
https://www.gaaraas.com/fr/vehicle_listings/annonce-citroen-c5-dakar-dakar-4273,2008 Citroen C5,Citroen,C5,2008,Dakar,Dakar,2 700 000,130000,,Manuelle,N/A,
https://www.gaaraas.com/fr/vehicle_listings/annonce-peugeot-307-dakar-dakar-4364,2007 Peugeot 307,Peugeot,307,2007,Dakar,Dakar,2 500 000,120000,,Automatique,N/A,
https://www.gaaraas.com/fr/vehicle_listings/annonce-toyota-aygo-dakar-dakar-1778,2009 Toyota Aygo,Toyota,Aygo,2009,Dakar,Dakar,2 700 000,150000,,Manuelle,N/A,
https://www.gaaraas.com/fr/vehicle_listings/annonce-citroen-c4-dakar-dakar-2214,2008 Citroen C4,Citroen,C4,2008,Dakar,Dakar,2 100 000,160000,,Manuelle,N/A,
https://www.gaaraas.com/fr/vehicle_listings/annonce-volkswagen-passat-dakar-dakar-406,2007 Volkswagen Passat,Volkswagen,Passat,2007,Dakar,Dakar,2 000 000,90000,,Automatique,N/A,
https://www.gaaraas.com/fr/vehicle_listings/annonce-citroen-c3-dakar-dakar-304,Citroen C3,Citroen,C3,,Dakar,Dakar,1 800 000,220000,,Manuelle,N/A,
https://www.gaaraas.com/fr/vehicle_listings/annonce-ford-escape-dakar-dakar-3415,2006 Ford Escape,Ford,Escape,2006,Dakar,Dakar,4 500 000,120000,,Automatique,N/A,
https://www.gaaraas.com/fr/vehicle_listings/annonce-hyundai-getz-dakar-dakar-4133,2008 Hyundai Getz,Hyundai,Getz,2008,Dakar,Dakar,1 800 000,98000,,Manuelle,N/A,
https://www.gaaraas.com/fr/vehicle_listings/annonce-citroen-c3-dakar-dakar-4136,2008 Citroen C3,Citroen,C3,2008,Dakar,Dakar,2 100 000,110000,,Manuelle,N/A,
https://www.gaaraas.com/fr/vehicle_listings/annonce-honda-civic-dakar-dakar-806,2007 Honda Civic,Honda,Civic,2007,Dakar,Dakar,2 300 000,180000,,Automatique,N/A,
https://www.gaaraas.com/fr/vehicle_listings/annonce-peugeot-207-dakar-dakar-908,2008 Peugeot 207,Peugeot,207,2008,Dakar,Dakar,1 800 000,120000,,Manuelle,N/A,
https://www.gaaraas.com/fr/vehicle_listings/annonce-jeep-patriot-dakar-dakar-2808,2010 Jeep Patriot,Jeep,Patriot,2010,Dakar,Dakar,3 900 000,140000,,Manuelle,N/A,
https://www.gaaraas.com/fr/vehicle_listings/annonce-peugeot-307-dakar-dakar-3584,2004 Peugeot 307,Peugeot,307,2004,Dakar,Dakar,2 700 000,140000,,Manuelle,N/A,
https://www.gaaraas.com/fr/vehicle_listings/annonce-ford-fusion-dakar-dakar-4194,2009 Ford Fusion,Ford,Fusion,2009,Dakar,Dakar,2 000 000,144000,,Automatique,N/A,
https://www.gaaraas.com/fr/vehicle_listings/annonce-peugeot-307-dakar-dakar-1764,2007 Peugeot 307,Peugeot,307,2007,Dakar,Dakar,2 000 000,160000,,Manuelle,N/A,
https://www.gaaraas.com/fr/vehicle_listings/annonce-renault-logan-dakar-dakar-2773,2007 Renault Logan,Renault,Logan,2007,Dakar,Dakar,2 900 000,160000,,Manuelle,N/A,
https://www.gaaraas.com/fr/vehicle_listings/annonce-daewoo-matiz-dakar-dakar-672,2009 Daewoo Matiz,Daewoo,Matiz,2009,Dakar,Dakar,3 000 000,120000,,Manuelle,N/A,
https://www.gaaraas.com/fr/vehicle_listings/annonce-peugeot-207-dakar-dakar-1989,2012 Peugeot 207,Peugeot,207,2012,Dakar,Dakar,3 800 000,142000,,Automatique,N/A,
https://www.gaaraas.com/fr/vehicle_listings/annonce-dacia-logan-dakar-dakar-848,2010 Dacia Logan,Dacia,Logan,2010,Dakar,Dakar,2 000 000,161000,,Manuelle,N/A,
https://www.gaaraas.com/fr/vehicle_listings/annonce-renault-19-dakar-dakar-1861,1989 Renault 19,Renault,19,1989,Dakar,Dakar,2 300 000,180000,,Manuelle,N/A,
https://www.gaaraas.com/fr/vehicle_listings/annonce-renault-19-dakar-dakar-2726,2002 Renault 19,Renault,19,2002,Dakar,Dakar,2 100 000,160000,,Manuelle,N/A,
https://www.gaaraas.com/fr/vehicle_listings/annonce-citroen-c3-dakar-dakar-845,2007 Citroen C3,Citroen,C3,2007,Dakar,Dakar,2 000 000,180000,,Manuelle,N/A,
https://www.gaaraas.com/fr/vehicle_listings/annonce-citroen-c3-dakar-dakar-4199,2011 Citroen C3,Citroen,C3,2011,Dakar,Dakar,2 800 000,136000,,Manuelle,N/A,
https://www.gaaraas.com/fr/vehicle_listings/annonce-peugeot-307-dakar-dakar-2612,2007 Peugeot 307,Peugeot,307,2007,Dakar,Dakar,2 200 000,160000,,Manuelle,N/A,
https://www.gaaraas.com/fr/vehicle_listings/annonce-volkswagen-passat-dakar-dakar-3470,2007 Volkswagen Passat,Volkswagen,Passat,2007,Dakar,Dakar,2 900 000,265000,,Manuelle,N/A,
https://www.gaaraas.com/fr/vehicle_listings/annonce-peugeot-308-dakar-dakar-1777,2009 Peugeot 308,Peugeot,308,2009,Dakar,Dakar,2 300 000,311368,,Manuelle,N/A,
https://www.gaaraas.com/fr/vehicle_listings/annonce-toyota-auris-dakar-dakar-3321,2005 Toyota Auris,Toyota,Auris,2005,Dakar,Dakar,3 500 000,179315,,Manuelle,N/A,
https://www.gaaraas.com/fr/vehicle_listings/annonce-dacia-sandero-dakar-dakar-885,2009 Dacia Sandero,Dacia,Sandero,2009,Dakar,Dakar,2 800 000,140000,,Manuelle,N/A,
https://www.gaaraas.com/fr/vehicle_listings/annonce-bmw-x1-dakar-dakar-280,2010 BMW X1,BMW,X1,2010,Dakar,Dakar,3 700 000,150000,,Automatique,N/A,
https://www.gaaraas.com/fr/vehicle_listings/annonce-ford-edge-dakar-dakar-1102,2011 Ford Edge,Ford,Edge,2011,Dakar,Dakar,9 800 000,80000,,Automatique,N/A,
https://www.gaaraas.com/fr/vehicle_listings/annonce-skoda-octavia-dakar-dakar-1928,2008 Skoda Octavia,Skoda,Octavia,2008,Dakar,Dakar,1 900 000,160000,,Manuelle,N/A,
https://www.gaaraas.com/fr/vehicle_listings/annonce-renault-megane-dakar-dakar-1132,2008 Renault Megane,Renault,Megane,2008,Dakar,Dakar,1 600 000,160000,,Manuelle,N/A,
https://www.gaaraas.com/fr/vehicle_listings/annonce-peugeot-406-dakar-dakar-1343,2004 Peugeot 406,Peugeot,406,2004,Dakar,Dakar,2 000 000,18000,,Manuelle,N/A,
https://www.gaaraas.com/fr/vehicle_listings/annonce-renault-21-dakar-dakar-2157,2002 Renault 21,Renault,21,2002,Dakar,Dakar,2 700 000,160000,,Manuelle,N/A,
https://www.gaaraas.com/fr/vehicle_listings/annonce-toyota-prado-dakar-dakar-2902,2000 Toyota Prado,Toyota,Prado,2000,Dakar,Dakar,4 000 000,140000,,Manuelle,N/A,
https://www.gaaraas.com/fr/vehicle_listings/annonce-ford-edge-dakar-dakar-899,2008 Ford Edge,Ford,Edge,2008,Dakar,Dakar,7 000 000,125000,,Automatique,N/A,
https://www.gaaraas.com/fr/vehicle_listings/annonce-citroen-c3-dakar-dakar-1874,2006 Citroen C3,Citroen,C3,2006,Dakar,Dakar,1 500 000,160000,,Manuelle,N/A,
https://www.gaaraas.com/fr/vehicle_listings/annonce-mitsubishi-l200-dakar-dakar-291,2012 Mitsubishi L200,Mitsubishi,L200,2012,Dakar,Dakar,11 900 000,116000,,Manuelle,N/A,
https://www.gaaraas.com/fr/vehicle_listings/annonce-renault-megane-dakar-dakar-1779,2005 Renault Megane,Renault,Megane,2005,Dakar,Dakar,2 000 000,160000,,Manuelle,N/A,
https://www.gaaraas.com/fr/vehicle_listings/annonce-land-rover-range-rover-sport-dakar-dakar-4197,2008 Land Rover Range Rover Sport,Land,Rover Range Rover Sport,2008,Dakar,Dakar,6 000 000,130000,,Automatique,N/A,
https://www.gaaraas.com/fr/vehicle_listings/annonce-peugeot-307-dakar-dakar-2632,2008 Peugeot 307,Peugeot,307,2008,Dakar,Dakar,1 900 000,160000,,Manuelle,N/A,
https://www.gaaraas.com/fr/vehicle_listings/annonce-peugeot-406-dakar-dakar-3223,2002 Peugeot 406,Peugeot,406,2002,Dakar,Dakar,2 200 000,140000,,Manuelle,N/A,
https://www.gaaraas.com/fr/vehicle_listings/annonce-citroen-c3-dakar-dakar-610,2008 Citroen C3,Citroen,C3,2008,Dakar,Dakar,2 300 000,128000,,Manuelle,N/A,
https://www.gaaraas.com/fr/vehicle_listings/annonce-ford-focus-dakar-dakar-3057,2006 Ford Focus,Ford,Focus,2006,Dakar,Dakar,2 150 000,160000,,Manuelle,N/A,
https://www.gaaraas.com/fr/vehicle_listings/annonce-citroen-c5-dakar-dakar-4380,2005 Citroen C5,Citroen,C5,2005,Dakar,Dakar,2 100 000,334000,,Manuelle,N/A,
https://www.gaaraas.com/fr/vehicle_listings/annonce-hyundai-tucson-dakar-dakar-4140,2008 Hyundai Tucson,Hyundai,Tucson,2008,Dakar,Dakar,2 600 000,110000,,Manuelle,N/A,
https://www.gaaraas.com/fr/vehicle_listings/annonce-ford-edge-dakar-dakar-3222,2011 Ford Edge,Ford,Edge,2011,Dakar,Dakar,10 000 000,105000,,Automatique,N/A,
https://www.gaaraas.com/fr/vehicle_listings/annonce-peugeot-206-dakar-dakar-762,2008 Peugeot 206,Peugeot,206,2008,Dakar,Dakar,2 300 000,164000,,Manuelle,N/A,
https://www.gaaraas.com/fr/vehicle_listings/annonce-renault-19-dakar-dakar-1890,2000 Renault 19,Renault,19,2000,Dakar,Dakar,1 800 000,180000,,Manuelle,N/A,
https://www.gaaraas.com/fr/vehicle_listings/annonce-peugeot-307-dakar-dakar-862,2007 Peugeot 307,Peugeot,307,2007,Dakar,Dakar,2 000 000,160000,,Manuelle,N/A,
https://www.gaaraas.com/fr/vehicle_listings/annonce-peugeot-307-dakar-dakar-583,2008 Peugeot 307,Peugeot,307,2008,Dakar,Dakar,2 500 000,128000,,Manuelle,N/A,
https://www.gaaraas.com/fr/vehicle_listings/annonce-honda-elysion-dakar-dakar-1905,2011 Honda Elysion,Honda,Elysion,2011,Dakar,Dakar,3 500 000,160000,,Automatique,N/A,
https://www.gaaraas.com/fr/vehicle_listings/annonce-nissan-murano-dakar-dakar-855,2008 Nissan Murano,Nissan,Murano,2008,Dakar,Dakar,3 200 000,115305,,Automatique,N/A,
https://www.gaaraas.com/fr/vehicle_listings/annonce-mitsubishi-asx-dakar-dakar-1150,2011 Mitsubishi ASX,Mitsubishi,ASX,2011,Dakar,Dakar,6 000 000,94954,,Manuelle,N/A,
https://www.gaaraas.com/fr/vehicle_listings/annonce-mercedes-benz-190-dakar-dakar-3645,2004 Mercedes‒Benz 190,Mercedes‒Benz,190,2004,Dakar,Dakar,2 200 000,140000,,Manuelle,N/A,
https://www.gaaraas.com/fr/vehicle_listings/annonce-ford-escape-dakar-dakar-704,2010 Ford Escape,Ford,Escape,2010,Dakar,Dakar,6 000 000,180000,,Automatique,N/A,
https://www.gaaraas.com/fr/vehicle_listings/annonce-ford-escape-dakar-dakar-3738,2011 Ford Escape,Ford,Escape,2011,Dakar,Dakar,4 000 000,109400,,Manuelle,N/A,
https://www.gaaraas.com/fr/vehicle_listings/annonce-toyota-corolla-dakar-dakar-2190,2004 Toyota Corolla,Toyota,Corolla,2004,Dakar,Dakar,2 700 000,28752,,Manuelle,N/A,
https://www.gaaraas.com/fr/vehicle_listings/annonce-volkswagen-golf-dakar-dakar-740,2003 Volkswagen Golf,Volkswagen,Golf,2003,Dakar,Dakar,2 500 000,160000,,Manuelle,N/A,
https://www.gaaraas.com/fr/vehicle_listings/annonce-renault-19-dakar-dakar-2615,2000 Renault 19,Renault,19,2000,Dakar,Dakar,2 000 000,160000,,Manuelle,N/A,
https://www.gaaraas.com/fr/vehicle_listings/annonce-peugeot-307-dakar-dakar-1575,2008 Peugeot 307,Peugeot,307,2008,Dakar,Dakar,2 800 000,160000,,Manuelle,N/A,
https://www.gaaraas.com/fr/vehicle_listings/annonce-peugeot-307-dakar-dakar-1326,2007 Peugeot 307,Peugeot,307,2007,Dakar,Dakar,2 300 000,160000,,Manuelle,N/A,
https://www.gaaraas.com/fr/vehicle_listings/annonce-hyundai-sonata-dakar-dakar-2221,2011 Hyundai Sonata,Hyundai,Sonata,2011,Dakar,Dakar,3 500 000,66000,,Automatique,N/A,
https://www.gaaraas.com/fr/vehicle_listings/annonce-kia-soul-dakar-dakar-2469,2010 Kia Soul,Kia,Soul,2010,Dakar,Dakar,3 500 000,172900,,Manuelle,N/A,
https://www.gaaraas.com/fr/vehicle_listings/annonce-chevrolet-camaro-dakar-dakar-325,2012 Chevrolet Camaro,Chevrolet,Camaro,2012,Dakar,Dakar,4 000 000,220000,,Manuelle,N/A,
https://www.gaaraas.com/fr/vehicle_listings/annonce-ford-focus-dakar-dakar-3026,2014 Ford Focus,Ford,Focus,2014,Dakar,Dakar,4 500 000,115000,,Automatique,N/A,
https://www.gaaraas.com/fr/vehicle_listings/annonce-peugeot-307-dakar-dakar-3463,2008 Peugeot 307,Peugeot,307,2008,Dakar,Dakar,3 200 000,140000,,Manuelle,N/A,
https://www.gaaraas.com/fr/vehicle_listings/annonce-peugeot-309-dakar-dakar-4162,2000 Peugeot 309,Peugeot,309,2000,Dakar,Dakar,2 800 000,130000,,Manuelle,N/A,
https://www.gaaraas.com/fr/vehicle_listings/annonce-nissan-rogue-dakar-dakar-2440,2009 Nissan Rogue,Nissan,Rogue,2009,Dakar,Dakar,5 500 000,160000,,Automatique,N/A,
https://www.gaaraas.com/fr/vehicle_listings/annonce-kia-sorento-dakar-dakar-2807,2009 Kia Sorento,Kia,Sorento,2009,Dakar,Dakar,3 800 000,140000,,Manuelle,N/A,
https://www.gaaraas.com/fr/vehicle_listings/annonce-citroen-c4-dakar-dakar-2040,2007 Citroen C4,Citroen,C4,2007,Dakar,Dakar,2 100 000,160000,,Manuelle,N/A,
https://www.gaaraas.com/fr/vehicle_listings/annonce-kia-carnival-dakar-dakar-2623,2008 Kia Carnival,Kia,Carnival,2008,Dakar,Dakar,2 500 000,160000,,Manuelle,N/A,
https://www.gaaraas.com/fr/vehicle_listings/annonce-peugeot-307-dakar-dakar-3546,2007 Peugeot 307,Peugeot,307,2007,Dakar,Dakar,2 100 000,132000,,Manuelle,N/A,
https://www.gaaraas.com/fr/vehicle_listings/annonce-peugeot-405-dakar-dakar-2514,2002 Peugeot 405,Peugeot,405,2002,Dakar,Dakar,2 200 000,160000,,Manuelle,N/A,
https://www.gaaraas.com/fr/vehicle_listings/annonce-nissan-altima-dakar-dakar-3589,2012 Nissan Altima,Nissan,Altima,2012,Dakar,Dakar,3 000 000,130000,,Automatique,N/A,
https://www.gaaraas.com/fr/vehicle_listings/annonce-peugeot-307-dakar-dakar-1341,2007 Peugeot 307,Peugeot,307,2007,Dakar,Dakar,2 400 000,160000,,Manuelle,N/A,
https://www.gaaraas.com/fr/vehicle_listings/annonce-peugeot-206-dakar-dakar-3566,2009 Peugeot 206,Peugeot,206,2009,Dakar,Dakar,2 000 000,130000,,Manuelle,N/A,
https://www.gaaraas.com/fr/vehicle_listings/annonce-toyota-rav4-dakar-dakar-4163,2008 Toyota RAV4,Toyota,RAV4,2008,Dakar,Dakar,2 900 000,130000,,Manuelle,N/A,
https://www.gaaraas.com/fr/vehicle_listings/annonce-opel-astra-dakar-dakar-1153,2003 Opel Astra,Opel,Astra,2003,Dakar,Dakar,2 500 000,160000,,Manuelle,N/A,
https://www.gaaraas.com/fr/vehicle_listings/annonce-citroen-c4-dakar-dakar-2583,2006 Citroen C4,Citroen,C4,2006,Dakar,Dakar,2 200 000,160000,,Manuelle,N/A,
https://www.gaaraas.com/fr/vehicle_listings/annonce-chevrolet-sail-dakar-dakar-2068,2013 Chevrolet Sail,Chevrolet,Sail,2013,Dakar,Dakar,2 200 000,90000,,Manuelle,N/A,
https://www.gaaraas.com/fr/vehicle_listings/annonce-peugeot-308-dakar-dakar-4198,2007 Peugeot 308,Peugeot,308,2007,Dakar,Dakar,2 800 000,230000,,Manuelle,N/A,
https://www.gaaraas.com/fr/vehicle_listings/annonce-peugeot-307-dakar-dakar-2086,2007 Peugeot 307,Peugeot,307,2007,Dakar,Dakar,2 400 000,160000,,Manuelle,N/A,
https://www.gaaraas.com/fr/vehicle_listings/annonce-peugeot-308-dakar-dakar-407,2008 Peugeot 308,Peugeot,308,2008,Dakar,Dakar,2 500 000,140000,,Manuelle,N/A,
https://www.gaaraas.com/fr/vehicle_listings/annonce-dacia-logan-dakar-dakar-2296,2009 Dacia Logan,Dacia,Logan,2009,Dakar,Dakar,2 200 000,160000,,Manuelle,N/A,
https://www.gaaraas.com/fr/vehicle_listings/annonce-toyota-land-cruiser-prado-dakar-dakar-4202,2005 Toyota Land Cruiser Prado,Toyota,Land Cruiser Prado,2005,Dakar,Dakar,3 800 000,130000,,Manuelle,N/A,
https://www.gaaraas.com/fr/vehicle_listings/annonce-hyundai-elantra-dakar-dakar-1235,2013 Hyundai Elantra,Hyundai,Elantra,2013,Dakar,Dakar,6 500 000,66000,,Automatique,N/A,
https://www.gaaraas.com/fr/vehicle_listings/annonce-renault-megane-dakar-dakar-886,2006 Renault Megane,Renault,Megane,2006,Dakar,Dakar,1 600 000,180000,,Manuelle,N/A,
https://www.gaaraas.com/fr/vehicle_listings/annonce-nissan-murano-dakar-dakar-4351,2011 Nissan Murano,Nissan,Murano,2011,Dakar,Dakar,2 300 000,188000,,Automatique,N/A,
https://www.gaaraas.com/fr/vehicle_listings/annonce-nissan-qashqai-dakar-dakar-3432,2014 Nissan Qashqai,Nissan,Qashqai,2014,Dakar,Dakar,7 800 000,63000,,Automatique,N/A,
https://www.gaaraas.com/fr/vehicle_listings/annonce-toyota-camry-dakar-dakar-3067,2009 Toyota Camry,Toyota,Camry,2009,Dakar,Dakar,3 500 000,145000,,Automatique,N/A,
https://www.gaaraas.com/fr/vehicle_listings/annonce-citroen-c3-dakar-dakar-1799,2008 Citroen C3,Citroen,C3,2008,Dakar,Dakar,1 800 000,160000,,Manuelle,N/A,
https://www.gaaraas.com/fr/vehicle_listings/annonce-peugeot-307-dakar-dakar-2633,2007 Peugeot 307,Peugeot,307,2007,Dakar,Dakar,2 500 000,160000,,Manuelle,N/A,
https://www.gaaraas.com/fr/vehicle_listings/annonce-mitsubishi-l200-dakar-dakar-876,2009 Mitsubishi L200,Mitsubishi,L200,2009,Dakar,Dakar,7 800 000,160000,,Manuelle,N/A,
https://www.gaaraas.com/fr/vehicle_listings/annonce-bmw-315-dakar-dakar-4141,2007 BMW 315,BMW,315,2007,Dakar,Dakar,1 500 000,120000,,Manuelle,N/A,
https://www.gaaraas.com/fr/vehicle_listings/annonce-renault-scenic-dakar-dakar-2610,2005 Renault Scenic,Renault,Scenic,2005,Dakar,Dakar,2 200 000,140000,,Manuelle,N/A,
https://www.gaaraas.com/fr/vehicle_listings/annonce-peugeot-308-dakar-dakar-895,2012 Peugeot 308,Peugeot,308,2012,Dakar,Dakar,3 800 000,103000,,Manuelle,N/A,
https://www.gaaraas.com/fr/vehicle_listings/annonce-volkswagen-golf-dakar-dakar-2193,2000 Volkswagen Golf,Volkswagen,Golf,2000,Dakar,Dakar,1 500 000,160000,,Manuelle,N/A,
