url,title,brand,model,year,location,region,price,mileage,transmission
https://www.gaaraas.com/fr/vehicle_listings/annonce-toyota-aygo-dakar-dakar-1778,2009 Toyota Aygo,Toyota,Aygo,2009,Dakar,Dakar,2700000.0,1500000,Manuelle
https://www.gaaraas.com/fr/vehicle_listings/annonce-citroen-c4-dakar-dakar-2214,2008 Citroen C4,Citroen,C4,2008,Dakar,Dakar,2100000.0,1600000,Manuelle
https://www.gaaraas.com/fr/vehicle_listings/annonce-peugeot-406-dakar-dakar-1152,2003 Peugeot 406,Peugeot,406,2003,Dakar,Dakar,2600000.0,1600000,Manuelle
https://www.gaaraas.com/fr/vehicle_listings/annonce-dacia-logan-dakar-dakar-2296,2009 Dacia Logan,Dacia,Logan,2009,Dakar,Dakar,2200000.0,1600000,Manuelle
https://www.gaaraas.com/fr/vehicle_listings/annonce-dacia-logan-dakar-dakar-848,2010 Dacia Logan,Dacia,Logan,2010,Dakar,Dakar,2000000.0,1610000,Manuelle
https://www.gaaraas.com/fr/vehicle_listings/annonce-renault-laguna-dakar-dakar-1895,2007 Renault Laguna,Renault,Laguna,2007,Dakar,Dakar,2300000.0,840000,Manuelle
https://www.gaaraas.com/fr/vehicle_listings/annonce-toyota-rav4-dakar-dakar-4163,2008 Toyota RAV4,Toyota,RAV4,2008,Dakar,Dakar,2900000.0,1300000,Manuelle
https://www.gaaraas.com/fr/vehicle_listings/annonce-renault-megane-dakar-dakar-1132,2008 Renault Megane,Renault,Megane,2008,Dakar,Dakar,1600000.0,1600000,Manuelle
https://www.gaaraas.com/fr/vehicle_listings/annonce-toyota-land-cruiser-prado-dakar-dakar-4202,2005 Toyota Land Cruiser Prado,Toyota,Land Cruiser Prado,2005,Dakar,Dakar,3800000.0,1300000,Manuelle
https://www.gaaraas.com/fr/vehicle_listings/annonce-hyundai-elantra-dakar-dakar-1235,2013 Hyundai Elantra,Hyundai,Elantra,2013,Dakar,Dakar,6500000.0,660000,Automatique
https://www.gaaraas.com/fr/vehicle_listings/annonce-renault-clio-dakar-dakar-418,2004 Renault Clio,Renault,Clio,2004,Dakar,Dakar,1900000.0,1200000,Manuelle
https://www.gaaraas.com/fr/vehicle_listings/annonce-nissan-murano-dakar-dakar-4351,2011 Nissan Murano,Nissan,Murano,2011,Dakar,Dakar,2300000.0,1880000,Automatique
https://www.gaaraas.com/fr/vehicle_listings/annonce-renault-megane-dakar-dakar-886,2006 Renault Megane,Renault,Megane,2006,Dakar,Dakar,1600000.0,1800000,Manuelle
https://www.gaaraas.com/fr/vehicle_listings/annonce-nissan-altima-dakar-dakar-4139,2014 Nissan Altima,Nissan,Altima,2014,Dakar,Dakar,2500000.0,1100000,Automatique
https://www.gaaraas.com/fr/vehicle_listings/annonce-peugeot-405-dakar-dakar-2514,2002 Peugeot 405,Peugeot,405,2002,Dakar,Dakar,2200000.0,1600000,Manuelle
https://www.gaaraas.com/fr/vehicle_listings/annonce-hyundai-tucson-dakar-dakar-3571,2009 Hyundai Tucson,Hyundai,Tucson,2009,Dakar,Dakar,4000000.0,1400000,Manuelle
https://www.gaaraas.com/fr/vehicle_listings/annonce-toyota-camry-dakar-dakar-3067,2009 Toyota Camry,Toyota,Camry,2009,Dakar,Dakar,3500000.0,1450000,Automatique
https://www.gaaraas.com/fr/vehicle_listings/annonce-citroen-c3-dakar-dakar-1799,2008 Citroen C3,Citroen,C3,2008,Dakar,Dakar,1800000.0,1600000,Manuelle
https://www.gaaraas.com/fr/vehicle_listings/annonce-peugeot-307-dakar-dakar-734,2008 Peugeot 307,Peugeot,307,2008,Dakar,Dakar,3200000.0,1280000,Manuelle
https://www.gaaraas.com/fr/vehicle_listings/annonce-mitsubishi-l200-dakar-dakar-2431,2006 Mitsubishi L200,Mitsubishi,L200,2006,Dakar,Dakar,7500000.0,1600000,Manuelle
https://www.gaaraas.com/fr/vehicle_listings/annonce-citroen-c3-dakar-dakar-1874,2006 Citroen C3,Citroen,C3,2006,Dakar,Dakar,1500000.0,1600000,Manuelle
https://www.gaaraas.com/fr/vehicle_listings/annonce-volkswagen-passat-dakar-dakar-270,2007 Volkswagen Passat,Volkswagen,Passat,2007,Dakar,Dakar,1600000.0,1200000,Manuelle
https://www.gaaraas.com/fr/vehicle_listings/annonce-peugeot-307-dakar-dakar-583,2008 Peugeot 307,Peugeot,307,2008,Dakar,Dakar,2500000.0,1280000,Manuelle
https://www.gaaraas.com/fr/vehicle_listings/annonce-volkswagen-passat-dakar-dakar-3470,2007 Volkswagen Passat,Volkswagen,Passat,2007,Dakar,Dakar,2900000.0,2650000,Manuelle
https://www.gaaraas.com/fr/vehicle_listings/annonce-hyundai-tucson-dakar-dakar-2806,2008 Hyundai Tucson,Hyundai,Tucson,2008,Dakar,Dakar,3400000.0,1400000,Manuelle
https://www.gaaraas.com/fr/vehicle_listings/annonce-peugeot-307-dakar-dakar-2632,2008 Peugeot 307,Peugeot,307,2008,Dakar,Dakar,1900000.0,1600000,Manuelle
https://www.gaaraas.com/fr/vehicle_listings/annonce-peugeot-307-dakar-dakar-3546,2007 Peugeot 307,Peugeot,307,2007,Dakar,Dakar,2100000.0,1320000,Manuelle
https://www.gaaraas.com/fr/vehicle_listings/annonce-peugeot-308-dakar-dakar-407,2008 Peugeot 308,Peugeot,308,2008,Dakar,Dakar,2500000.0,1400000,Manuelle
https://www.gaaraas.com/fr/vehicle_listings/annonce-nissan-qashqai-dakar-dakar-3432,2014 Nissan Qashqai,Nissan,Qashqai,2014,Dakar,Dakar,7800000.0,630000,Automatique
https://www.gaaraas.com/fr/vehicle_listings/annonce-volkswagen-golf-dakar-dakar-740,2003 Volkswagen Golf,Volkswagen,Golf,2003,Dakar,Dakar,2500000.0,1600000,Manuelle
https://www.gaaraas.com/fr/vehicle_listings/annonce-peugeot-308-dakar-dakar-3068,2009 Peugeot 308,Peugeot,308,2009,Dakar,Dakar,3600000.0,1400000,Manuelle
https://www.gaaraas.com/fr/vehicle_listings/annonce-ford-focus-dakar-dakar-3026,2014 Ford Focus,Ford,Focus,2014,Dakar,Dakar,4500000.0,1150000,Automatique
https://www.gaaraas.com/fr/vehicle_listings/annonce-peugeot-307-dakar-dakar-862,2007 Peugeot 307,Peugeot,307,2007,Dakar,Dakar,2000000.0,1600000,Manuelle
https://www.gaaraas.com/fr/vehicle_listings/annonce-nissan-rogue-dakar-dakar-2440,2009 Nissan Rogue,Nissan,Rogue,2009,Dakar,Dakar,5500000.0,1600000,Automatique
https://www.gaaraas.com/fr/vehicle_listings/annonce-skoda-fabia-dakar-dakar-611,2007 Skoda Fabia,Skoda,Fabia,2007,Dakar,Dakar,1800000.0,2200000,Manuelle
https://www.gaaraas.com/fr/vehicle_listings/annonce-renault-21-dakar-dakar-2157,2002 Renault 21,Renault,21,2002,Dakar,Dakar,2700000.0,1600000,Manuelle
https://www.gaaraas.com/fr/vehicle_listings/annonce-ford-focus-dakar-dakar-3057,2006 Ford Focus,Ford,Focus,2006,Dakar,Dakar,2150000.0,1600000,Manuelle
https://www.gaaraas.com/fr/vehicle_listings/annonce-ford-edge-dakar-dakar-899,2008 Ford Edge,Ford,Edge,2008,Dakar,Dakar,7000000.0,1250000,Automatique
https://www.gaaraas.com/fr/vehicle_listings/annonce-peugeot-307-dakar-dakar-1575,2008 Peugeot 307,Peugeot,307,2008,Dakar,Dakar,2800000.0,1600000,Manuelle
https://www.gaaraas.com/fr/vehicle_listings/annonce-mitsubishi-l200-dakar-dakar-1998,2008 Mitsubishi L200,Mitsubishi,L200,2008,Dakar,Dakar,7200000.0,1600000,Manuelle
https://www.gaaraas.com/fr/vehicle_listings/annonce-kia-sorento-dakar-dakar-2807,2009 Kia Sorento,Kia,Sorento,2009,Dakar,Dakar,3800000.0,1400000,Manuelle
https://www.gaaraas.com/fr/vehicle_listings/annonce-nissan-murano-dakar-dakar-855,2008 Nissan Murano,Nissan,Murano,2008,Dakar,Dakar,3200000.0,1153050,Automatique
https://www.gaaraas.com/fr/vehicle_listings/annonce-renault-megane-dakar-dakar-1107,2006 Renault Megane,Renault,Megane,2006,Dakar,Dakar,1700000.0,1800000,Manuelle
https://www.gaaraas.com/fr/vehicle_listings/annonce-ford-escape-dakar-dakar-3415,2006 Ford Escape,Ford,Escape,2006,Dakar,Dakar,4500000.0,1200000,Automatique
https://www.gaaraas.com/fr/vehicle_listings/annonce-peugeot-406-dakar-dakar-3223,2002 Peugeot 406,Peugeot,406,2002,Dakar,Dakar,2200000.0,1400000,Manuelle
https://www.gaaraas.com/fr/vehicle_listings/annonce-peugeot-206-dakar-dakar-762,2008 Peugeot 206,Peugeot,206,2008,Dakar,Dakar,2300000.0,1640000,Manuelle
https://www.gaaraas.com/fr/vehicle_listings/annonce-ford-escape-dakar-dakar-3738,2011 Ford Escape,Ford,Escape,2011,Dakar,Dakar,4000000.0,1094000,Manuelle
https://www.gaaraas.com/fr/vehicle_listings/annonce-hyundai-sonata-dakar-dakar-2221,2011 Hyundai Sonata,Hyundai,Sonata,2011,Dakar,Dakar,3500000.0,660000,Automatique
https://www.gaaraas.com/fr/vehicle_listings/annonce-renault-19-dakar-dakar-1890,2000 Renault 19,Renault,19,2000,Dakar,Dakar,1800000.0,1800000,Manuelle
https://www.gaaraas.com/fr/vehicle_listings/annonce-mitsubishi-asx-dakar-dakar-1150,2011 Mitsubishi ASX,Mitsubishi,ASX,2011,Dakar,Dakar,6000000.0,949540,Manuelle
https://www.gaaraas.com/fr/vehicle_listings/annonce-peugeot-309-dakar-dakar-4162,2000 Peugeot 309,Peugeot,309,2000,Dakar,Dakar,2800000.0,1300000,Manuelle
https://www.gaaraas.com/fr/vehicle_listings/annonce-citroen-c5-dakar-dakar-4380,2005 Citroen C5,Citroen,C5,2005,Dakar,Dakar,2100000.0,3340000,Manuelle
https://www.gaaraas.com/fr/vehicle_listings/annonce-honda-elysion-dakar-dakar-1905,2011 Honda Elysion,Honda,Elysion,2011,Dakar,Dakar,3500000.0,1600000,Automatique
https://www.gaaraas.com/fr/vehicle_listings/annonce-peugeot-307-dakar-dakar-4364,2007 Peugeot 307,Peugeot,307,2007,Dakar,Dakar,2500000.0,1200000,Automatique
https://www.gaaraas.com/fr/vehicle_listings/annonce-hyundai-getz-dakar-dakar-4133,2008 Hyundai Getz,Hyundai,Getz,2008,Dakar,Dakar,1800000.0,980000,Manuelle
https://www.gaaraas.com/fr/vehicle_listings/annonce-peugeot-407-dakar-dakar-569,2007 Peugeot 407,Peugeot,407,2007,Dakar,Dakar,2800000.0,1200000,Manuelle
https://www.gaaraas.com/fr/vehicle_listings/annonce-land-rover-range-rover-sport-dakar-dakar-4197,2008 Land Rover Range Rover Sport,Land,Rover Range Rover Sport,2008,Dakar,Dakar,6000000.0,1300000,Automatique
https://www.gaaraas.com/fr/vehicle_listings/annonce-chevrolet-camaro-dakar-dakar-325,2012 Chevrolet Camaro,Chevrolet,Camaro,2012,Dakar,Dakar,4000000.0,2200000,Manuelle
https://www.gaaraas.com/fr/vehicle_listings/annonce-volkswagen-golf-dakar-dakar-2193,2000 Volkswagen Golf,Volkswagen,Golf,2000,Dakar,Dakar,1500000.0,1600000,Manuelle
https://www.gaaraas.com/fr/vehicle_listings/annonce-peugeot-307-dakar-dakar-1326,2007 Peugeot 307,Peugeot,307,2007,Dakar,Dakar,2300000.0,1600000,Manuelle
https://www.gaaraas.com/fr/vehicle_listings/annonce-citroen-c3-dakar-dakar-4199,2011 Citroen C3,Citroen,C3,2011,Dakar,Dakar,2800000.0,1360000,Manuelle
https://www.gaaraas.com/fr/vehicle_listings/annonce-renault-scenic-dakar-dakar-2451,2009 Renault Scenic,Renault,Scenic,2009,Dakar,Dakar,1300000.0,1600000,Manuelle
https://www.gaaraas.com/fr/vehicle_listings/annonce-ssangyong-kyron-dakar-dakar-1184,2007 SsangYong Kyron,SsangYong,Kyron,2007,Dakar,Dakar,2000000.0,1200000,Automatique
https://www.gaaraas.com/fr/vehicle_listings/annonce-ford-escape-dakar-dakar-704,2010 Ford Escape,Ford,Escape,2010,Dakar,Dakar,6000000.0,1800000,Automatique
https://www.gaaraas.com/fr/vehicle_listings/annonce-toyota-auris-dakar-dakar-3321,2005 Toyota Auris,Toyota,Auris,2005,Dakar,Dakar,3500000.0,1793150,Manuelle
https://www.gaaraas.com/fr/vehicle_listings/annonce-peugeot-807-dakar-dakar-1879,2007 Peugeot 807,Peugeot,807,2007,Dakar,Dakar,2800000.0,1600000,Manuelle
https://www.gaaraas.com/fr/vehicle_listings/annonce-peugeot-207-dakar-dakar-1989,2012 Peugeot 207,Peugeot,207,2012,Dakar,Dakar,3800000.0,1420000,Automatique
https://www.gaaraas.com/fr/vehicle_listings/annonce-ford-fusion-dakar-dakar-4194,2009 Ford Fusion,Ford,Fusion,2009,Dakar,Dakar,2000000.0,1440000,Automatique
https://www.gaaraas.com/fr/vehicle_listings/annonce-peugeot-308-dakar-dakar-1777,2009 Peugeot 308,Peugeot,308,2009,Dakar,Dakar,2300000.0,3113680,Manuelle
https://www.gaaraas.com/fr/vehicle_listings/annonce-renault-19-dakar-dakar-2615,2000 Renault 19,Renault,19,2000,Dakar,Dakar,2000000.0,1600000,Manuelle
https://www.gaaraas.com/fr/vehicle_listings/annonce-dacia-sandero-dakar-dakar-885,2009 Dacia Sandero,Dacia,Sandero,2009,Dakar,Dakar,2800000.0,1400000,Manuelle
https://www.gaaraas.com/fr/vehicle_listings/annonce-citroen-berlingo-dakar-dakar-2430,2008 Citroen Berlingo,Citroen,Berlingo,2008,Dakar,Dakar,3300000.0,2140000,Manuelle
https://www.gaaraas.com/fr/vehicle_listings/annonce-citroen-c5-dakar-dakar-4273,2008 Citroen C5,Citroen,C5,2008,Dakar,Dakar,2700000.0,1300000,Manuelle
https://www.gaaraas.com/fr/vehicle_listings/annonce-daewoo-matiz-dakar-dakar-672,2009 Daewoo Matiz,Daewoo,Matiz,2009,Dakar,Dakar,3000000.0,1200000,Manuelle
https://www.gaaraas.com/fr/vehicle_listings/annonce-citroen-c3-dakar-dakar-4136,2008 Citroen C3,Citroen,C3,2008,Dakar,Dakar,2100000.0,1100000,Manuelle
https://www.gaaraas.com/fr/vehicle_listings/annonce-skoda-octavia-dakar-dakar-2498,2012 Skoda Octavia,Skoda,Octavia,2012,Dakar,Dakar,4000000.0,700000,Manuelle
https://www.gaaraas.com/fr/vehicle_listings/annonce-land-rover-range-rover-sport-dakar-dakar-2439,2009 Land Rover Range Rover Sport,Land,Rover Range Rover Sport,2009,Dakar,Dakar,2500000.0,1600000,Automatique
https://www.gaaraas.com/fr/vehicle_listings/annonce-peugeot-307-dakar-dakar-2086,2007 Peugeot 307,Peugeot,307,2007,Dakar,Dakar,2400000.0,1600000,Manuelle
https://www.gaaraas.com/fr/vehicle_listings/annonce-kia-carnival-dakar-dakar-2623,2008 Kia Carnival,Kia,Carnival,2008,Dakar,Dakar,2500000.0,1600000,Manuelle
https://www.gaaraas.com/fr/vehicle_listings/annonce-ford-edge-dakar-dakar-1102,2011 Ford Edge,Ford,Edge,2011,Dakar,Dakar,9800000.0,800000,Automatique
https://www.gaaraas.com/fr/vehicle_listings/annonce-ford-edge-dakar-dakar-3222,2011 Ford Edge,Ford,Edge,2011,Dakar,Dakar,10000000.0,1050000,Automatique
https://www.gaaraas.com/fr/vehicle_listings/annonce-ford-taurus-dakar-dakar-3404,2006 Ford Taurus,Ford,Taurus,2006,Dakar,Dakar,3800000.0,2000000,Manuelle
https://www.gaaraas.com/fr/vehicle_listings/annonce-hyundai-tucson-dakar-dakar-4140,2008 Hyundai Tucson,Hyundai,Tucson,2008,Dakar,Dakar,2600000.0,1100000,Manuelle
https://www.gaaraas.com/fr/vehicle_listings/annonce-peugeot-406-dakar-dakar-1343,2004 Peugeot 406,Peugeot,406,2004,Dakar,Dakar,2000000.0,180000,Manuelle
https://www.gaaraas.com/fr/vehicle_listings/annonce-bmw-315-dakar-dakar-4141,2007 BMW 315,BMW,315,2007,Dakar,Dakar,1500000.0,1200000,Manuelle
https://www.gaaraas.com/fr/vehicle_listings/annonce-jeep-patriot-dakar-dakar-2808,2010 Jeep Patriot,Jeep,Patriot,2010,Dakar,Dakar,3900000.0,1400000,Manuelle
https://www.gaaraas.com/fr/vehicle_listings/annonce-renault-megane-dakar-dakar-1779,2005 Renault Megane,Renault,Megane,2005,Dakar,Dakar,2000000.0,1600000,Manuelle
https://www.gaaraas.com/fr/vehicle_listings/annonce-peugeot-307-dakar-dakar-2612,2007 Peugeot 307,Peugeot,307,2007,Dakar,Dakar,2200000.0,1600000,Manuelle
https://www.gaaraas.com/fr/vehicle_listings/annonce-peugeot-307-dakar-dakar-2633,2007 Peugeot 307,Peugeot,307,2007,Dakar,Dakar,2500000.0,1600000,Manuelle
https://www.gaaraas.com/fr/vehicle_listings/annonce-hyundai-tucson-dakar-dakar-739,2006 Hyundai Tucson,Hyundai,Tucson,2006,Dakar,Dakar,3000000.0,1642310,Manuelle
https://www.gaaraas.com/fr/vehicle_listings/annonce-volkswagen-passat-dakar-dakar-820,2006 Volkswagen Passat,Volkswagen,Passat,2006,Dakar,Dakar,2500000.0,1646860,Manuelle
https://www.gaaraas.com/fr/vehicle_listings/annonce-toyota-prado-dakar-dakar-2902,2000 Toyota Prado,Toyota,Prado,2000,Dakar,Dakar,4000000.0,1400000,Manuelle
https://www.gaaraas.com/fr/vehicle_listings/annonce-peugeot-307-dakar-dakar-2371,2008 Peugeot 307,Peugeot,307,2008,Dakar,Dakar,2600000.0,2500000,Manuelle
https://www.gaaraas.com/fr/vehicle_listings/annonce-ford-escort-dakar-dakar-644,2007 Ford Escort,Ford,Escort,2007,Dakar,Dakar,2700000.0,1740000,Manuelle
https://www.gaaraas.com/fr/vehicle_listings/annonce-toyota-corolla-dakar-dakar-2190,2004 Toyota Corolla,Toyota,Corolla,2004,Dakar,Dakar,2700000.0,287520,Manuelle
https://www.gaaraas.com/fr/vehicle_listings/annonce-peugeot-307-dakar-dakar-3463,2008 Peugeot 307,Peugeot,307,2008,Dakar,Dakar,3200000.0,1400000,Manuelle
https://www.gaaraas.com/fr/vehicle_listings/annonce-citroen-c3-dakar-dakar-845,2007 Citroen C3,Citroen,C3,2007,Dakar,Dakar,2000000.0,1800000,Manuelle
https://www.gaaraas.com/fr/vehicle_listings/annonce-mitsubishi-spacestar-dakar-dakar-2614,2008 Mitsubishi Spacestar,Mitsubishi,Spacestar,2008,Dakar,Dakar,2000000.0,1600000,Manuelle
https://www.gaaraas.com/fr/vehicle_listings/annonce-peugeot-307-dakar-dakar-154,2007 Peugeot 307,Peugeot,307,2007,Dakar,Dakar,2300000.0,2100000,Manuelle
https://www.gaaraas.com/fr/vehicle_listings/annonce-citroen-c3-dakar-dakar-304,Citroen C3,Citroen,C3,2008,Dakar,Dakar,1800000.0,2200000,Manuelle
https://www.gaaraas.com/fr/vehicle_listings/annonce-citroen-c4-dakar-dakar-2040,2007 Citroen C4,Citroen,C4,2007,Dakar,Dakar,2100000.0,1600000,Manuelle
https://www.gaaraas.com/fr/vehicle_listings/annonce-renault-scenic-dakar-dakar-2610,2005 Renault Scenic,Renault,Scenic,2005,Dakar,Dakar,2200000.0,1400000,Manuelle
https://www.gaaraas.com/fr/vehicle_listings/annonce-peugeot-308-dakar-dakar-895,2012 Peugeot 308,Peugeot,308,2012,Dakar,Dakar,3800000.0,1030000,Manuelle
https://www.gaaraas.com/fr/vehicle_listings/annonce-bmw-x1-dakar-dakar-280,2010 BMW X1,BMW,X1,2010,Dakar,Dakar,3700000.0,1500000,Automatique
https://www.gaaraas.com/fr/vehicle_listings/annonce-nissan-altima-dakar-dakar-3589,2012 Nissan Altima,Nissan,Altima,2012,Dakar,Dakar,3000000.0,1300000,Automatique
https://www.gaaraas.com/fr/vehicle_listings/annonce-peugeot-308-dakar-dakar-2219,2009 Peugeot 308,Peugeot,308,2009,Dakar,Dakar,3300000.0,2567300,Manuelle
https://www.gaaraas.com/fr/vehicle_listings/annonce-opel-astra-dakar-dakar-1153,2003 Opel Astra,Opel,Astra,2003,Dakar,Dakar,2500000.0,1600000,Manuelle
https://www.gaaraas.com/fr/vehicle_listings/annonce-volkswagen-passat-dakar-dakar-406,2007 Volkswagen Passat,Volkswagen,Passat,2007,Dakar,Dakar,2000000.0,900000,Automatique
https://www.gaaraas.com/fr/vehicle_listings/annonce-chevrolet-sail-dakar-dakar-2068,2013 Chevrolet Sail,Chevrolet,Sail,2013,Dakar,Dakar,2200000.0,900000,Manuelle
https://www.gaaraas.com/fr/vehicle_listings/annonce-honda-civic-dakar-dakar-806,2007 Honda Civic,Honda,Civic,2007,Dakar,Dakar,2300000.0,1800000,Automatique
https://www.gaaraas.com/fr/vehicle_listings/annonce-peugeot-207-dakar-dakar-908,2008 Peugeot 207,Peugeot,207,2008,Dakar,Dakar,1800000.0,1200000,Manuelle
https://www.gaaraas.com/fr/vehicle_listings/annonce-renault-logan-dakar-dakar-2773,2007 Renault Logan,Renault,Logan,2007,Dakar,Dakar,2900000.0,1600000,Manuelle
https://www.gaaraas.com/fr/vehicle_listings/annonce-renault-19-dakar-dakar-1861,1989 Renault 19,Renault,19,1989,Dakar,Dakar,2300000.0,1800000,Manuelle
https://www.gaaraas.com/fr/vehicle_listings/annonce-renault-19-dakar-dakar-2726,2002 Renault 19,Renault,19,2002,Dakar,Dakar,2100000.0,1600000,Manuelle
https://www.gaaraas.com/fr/vehicle_listings/annonce-renault-laguna-dakar-dakar-1704,2007 Renault Laguna,Renault,Laguna,2007,Dakar,Dakar,2000000.0,1600000,Manuelle
https://www.gaaraas.com/fr/vehicle_listings/annonce-toyota-camry-dakar-dakar-463,2011 Toyota Camry,Toyota,Camry,2011,Dakar,Dakar,3800000.0,0,Automatique
https://www.gaaraas.com/fr/vehicle_listings/annonce-mitsubishi-l200-dakar-dakar-291,2012 Mitsubishi L200,Mitsubishi,L200,2012,Dakar,Dakar,11900000.0,1160000,Manuelle
https://www.gaaraas.com/fr/vehicle_listings/annonce-peugeot-307-dakar-dakar-2047,2007 Peugeot 307,Peugeot,307,2007,Dakar,Dakar,2200000.0,1600000,Manuelle
https://www.gaaraas.com/fr/vehicle_listings/annonce-citroen-c3-dakar-dakar-610,2008 Citroen C3,Citroen,C3,2008,Dakar,Dakar,2300000.0,1280000,Manuelle
https://www.gaaraas.com/fr/vehicle_listings/annonce-skoda-octavia-dakar-dakar-1928,2008 Skoda Octavia,Skoda,Octavia,2008,Dakar,Dakar,1900000.0,1600000,Manuelle
https://www.gaaraas.com/fr/vehicle_listings/annonce-peugeot-307-dakar-dakar-3585,2007 Peugeot 307,Peugeot,307,2007,Dakar,Dakar,2100000.0,1400000,Manuelle
https://www.gaaraas.com/fr/vehicle_listings/annonce-mercedes-benz-190-dakar-dakar-3645,2004 Mercedes‒Benz 190,Mercedes‒Benz,190,2004,Dakar,Dakar,2200000.0,1400000,Manuelle
https://www.gaaraas.com/fr/vehicle_listings/annonce-kia-soul-dakar-dakar-2469,2010 Kia Soul,Kia,Soul,2010,Dakar,Dakar,3500000.0,1729000,Manuelle
https://www.gaaraas.com/fr/vehicle_listings/annonce-peugeot-605-dakar-dakar-2622,2004 Peugeot 605,Peugeot,605,2004,Dakar,Dakar,2200000.0,1600000,Manuelle
https://www.gaaraas.com/fr/vehicle_listings/annonce-rover-600-dakar-dakar-677,2002 Rover 600,Rover,600,2002,Dakar,Dakar,1800000.0,1280000,Manuelle
https://www.gaaraas.com/fr/vehicle_listings/annonce-renault-scenic-dakar-dakar-1590,2006 Renault Scenic,Renault,Scenic,2006,Dakar,Dakar,2300000.0,2000000,Manuelle
https://www.gaaraas.com/fr/vehicle_listings/annonce-skoda-octavia-dakar-dakar-2298,2012 Skoda Octavia,Skoda,Octavia,2012,Dakar,Dakar,3500000.0,1470000,Manuelle
https://www.gaaraas.com/fr/vehicle_listings/annonce-peugeot-307-dakar-dakar-3584,2004 Peugeot 307,Peugeot,307,2004,Dakar,Dakar,2700000.0,1400000,Manuelle
https://www.gaaraas.com/fr/vehicle_listings/annonce-peugeot-307-dakar-dakar-1764,2007 Peugeot 307,Peugeot,307,2007,Dakar,Dakar,2000000.0,1600000,Manuelle
https://www.gaaraas.com/fr/vehicle_listings/annonce-peugeot-307-dakar-dakar-1341,2007 Peugeot 307,Peugeot,307,2007,Dakar,Dakar,2400000.0,1600000,Manuelle
https://www.gaaraas.com/fr/vehicle_listings/annonce-peugeot-206-dakar-dakar-3566,2009 Peugeot 206,Peugeot,206,2009,Dakar,Dakar,2000000.0,1300000,Manuelle
https://www.gaaraas.com/fr/vehicle_listings/annonce-citroen-c4-dakar-dakar-2583,2006 Citroen C4,Citroen,C4,2006,Dakar,Dakar,2200000.0,1600000,Manuelle
https://www.gaaraas.com/fr/vehicle_listings/annonce-peugeot-308-dakar-dakar-4198,2007 Peugeot 308,Peugeot,308,2007,Dakar,Dakar,2800000.0,2300000,Manuelle
https://www.gaaraas.com/fr/vehicle_listings/annonce-mitsubishi-l200-dakar-dakar-876,2009 Mitsubishi L200,Mitsubishi,L200,2009,Dakar,Dakar,7800000.0,1600000,Manuelle
https://www.gaaraas.com/fr/vehicle_listings/annonce-citroen-berlingo-dakar-dakar-4134,2007 Citroen Berlingo,Citroen,Berlingo,2007,Dakar,Dakar,2000000.0,1400000,Manuelle
https://www.gaaraas.com/fr/vehicle_listings/annonce-citroen-berlingo-dakar-dakar-2295,2008 Citroen Berlingo,Citroen,Berlingo,2008,Dakar,Dakar,2300000.0,1600000,Manuelle
https://www.gaaraas.com/fr/vehicle_listings/annonce-toyota-corolla-dakar-dakar-880,2008 Toyota Corolla,Toyota,Corolla,2008,Dakar,Dakar,3300000.0,1400000,Manuelle
https://www.gaaraas.com/fr/vehicle_listings/annonce-peugeot-207-dakar-dakar-851,2010 Peugeot 207,Peugeot,207,2010,Dakar,Dakar,3200000.0,1444100,Manuelle
https://www.gaaraas.com/fr/vehicle_listings/annonce-mazda-6-dakar-dakar-3224,2010 Mazda 6,Mazda,6,2010,Dakar,Dakar,4000000.0,1820000,Automatique
https://www.gaaraas.com/fr/vehicle_listings/annonce-peugeot-307-dakar-dakar-838,2007 Peugeot 307,Peugeot,307,2007,Dakar,Dakar,2300000.0,1370000,Manuelle
https://www.gaaraas.com/fr/vehicle_listings/annonce-renault-laguna-dakar-dakar-813,2004 Renault Laguna,Renault,Laguna,2004,Dakar,Dakar,2000000.0,1600000,Manuelle
https://www.gaaraas.com/fr/vehicle_listings/annonce-peugeot-308-dakar-dakar-1147,2008 Peugeot 308,Peugeot,308,2008,Dakar,Dakar,3300000.0,1200000,Manuelle
https://www.gaaraas.com/fr/vehicle_listings/annonce-mercedes-benz-250-dakar-dakar-2640,2004 Mercedes‒Benz 250,Mercedes‒Benz,250,2004,Dakar,Dakar,1900000.0,1600000,Manuelle
https://www.gaaraas.com/fr/vehicle_listings/annonce-nissan-qashqai-2-dakar-dakar-2761,2013 Nissan Qashqai+2,Nissan,Qashqai+2,2013,Dakar,Dakar,6500000.0,1010000,Manuelle
https://www.gaaraas.com/fr/vehicle_listings/annonce-ford-escape-dakar-dakar-4196,2011 Ford Escape,Ford,Escape,2011,Dakar,Dakar,4300000.0,1300000,Automatique
https://www.gaaraas.com/fr/vehicle_listings/annonce-peugeot-307-dakar-dakar-413,2007 Peugeot 307,Peugeot,307,2007,Dakar,Dakar,2100000.0,900000,Manuelle
https://www.gaaraas.com/fr/vehicle_listings/annonce-hyundai-elantra-dakar-dakar-2468,2013 Hyundai Elantra,Hyundai,Elantra,2013,Dakar,Dakar,5800000.0,210000,Automatique
https://www.gaaraas.com/fr/vehicle_listings/annonce-mitsubishi-endeavor-dakar-dakar-2497,2012 Mitsubishi Endeavor,Mitsubishi,Endeavor,2012,Dakar,Dakar,4300000.0,1000000,Automatique
https://www.gaaraas.com/fr/vehicle_listings/annonce-peugeot-508-dakar-dakar-2155,2011 Peugeot 508,Peugeot,508,2011,Dakar,Dakar,5500000.0,1790000,Automatique
https://www.gaaraas.com/fr/vehicle_listings/annonce-citroen-c3-dakar-dakar-2218,2006 Citroen C3,Citroen,C3,2006,Dakar,Dakar,1900000.0,1600000,Manuelle
https://www.gaaraas.com/fr/vehicle_listings/annonce-renault-scenic-dakar-dakar-2518,2007 Renault Scenic,Renault,Scenic,2007,Dakar,Dakar,1950000.0,1600000,Manuelle
https://www.gaaraas.com/fr/vehicle_listings/annonce-citroen-nemo-dakar-dakar-1980,2009 Citroen Nemo,Citroen,Nemo,2009,Dakar,Dakar,2400000.0,1600000,Manuelle
https://www.gaaraas.com/fr/vehicle_listings/annonce-peugeot-407-dakar-dakar-2304,2006 Peugeot 407,Peugeot,407,2006,Dakar,Dakar,2300000.0,2910000,Manuelle
https://www.gaaraas.com/fr/vehicle_listings/annonce-nissan-versa-dakar-dakar-2119,2010 Nissan Versa,Nissan,Versa,2010,Dakar,Dakar,2500000.0,1200000,Automatique
https://www.gaaraas.com/fr/vehicle_listings/annonce-renault-scenic-dakar-dakar-1795,2005 Renault Scenic,Renault,Scenic,2005,Dakar,Dakar,1500000.0,1800000,Manuelle
https://www.gaaraas.com/fr/vehicle_listings/annonce-renault-megane-dakar-dakar-2201,2006 Renault Megane,Renault,Megane,2006,Dakar,Dakar,1800000.0,1600000,Manuelle
https://www.gaaraas.com/fr/vehicle_listings/annonce-peugeot-407-dakar-dakar-1580,2007 Peugeot 407,Peugeot,407,2007,Dakar,Dakar,2600000.0,1800000,Manuelle
https://www.gaaraas.com/fr/vehicle_listings/annonce-mercedes-benz-190-dakar-dakar-2436,2000 Mercedes‒Benz 190,Mercedes‒Benz,190,2000,Dakar,Dakar,2400000.0,1600000,Manuelle
https://www.gaaraas.com/fr/vehicle_listings/annonce-renault-kangoo-dakar-dakar-1871,2012 Renault Kangoo,Renault,Kangoo,2012,Dakar,Dakar,4500000.0,2641270,Manuelle
https://www.gaaraas.com/fr/vehicle_listings/annonce-hyundai-accent-dakar-dakar-890,2007 Hyundai Accent,Hyundai,Accent,2007,Dakar,Dakar,1700000.0,1600000,Manuelle
https://www.gaaraas.com/fr/vehicle_listings/annonce-renault-clio-dakar-dakar-653,2010 Renault Clio,Renault,Clio,2010,Dakar,Dakar,2700000.0,1200000,Manuelle
https://www.gaaraas.com/fr/vehicle_listings/annonce-dacia-logan-dakar-dakar-1602,2008 Dacia Logan,Dacia,Logan,2008,Dakar,Dakar,3000000.0,1600000,Manuelle
https://www.gaaraas.com/fr/vehicle_listings/annonce-renault-laguna-dakar-dakar-1325,2007 Renault Laguna,Renault,Laguna,2007,Dakar,Dakar,1400000.0,1800000,Manuelle
https://www.gaaraas.com/fr/vehicle_listings/annonce-peugeot-3008-dakar-dakar-1121,2011 Peugeot 3008,Peugeot,3008,2011,Dakar,Dakar,6500000.0,1600000,Manuelle
https://www.gaaraas.com/fr/vehicle_listings/annonce-peugeot-307-dakar-dakar-1148,2008 Peugeot 307,Peugeot,307,2008,Dakar,Dakar,2200000.0,1600000,Manuelle
https://www.gaaraas.com/fr/vehicle_listings/annonce-citroen-c3-dakar-dakar-1893,2008 Citroen C3,Citroen,C3,2008,Dakar,Dakar,2000000.0,2000000,Manuelle
https://www.gaaraas.com/fr/vehicle_listings/annonce-citroen-c4-dakar-dakar-2303,2010 Citroen C4,Citroen,C4,2010,Dakar,Dakar,2200000.0,2899830,Manuelle
https://www.gaaraas.com/fr/vehicle_listings/annonce-opel-astra-dakar-dakar-2069,2009 Opel Astra,Opel,Astra,2009,Dakar,Dakar,1500000.0,1600000,Manuelle
https://www.gaaraas.com/fr/vehicle_listings/annonce-renault-17-dakar-dakar-2505,2000 Renault 17,Renault,17,2000,Dakar,Dakar,6000000.0,1600000,Manuelle
https://www.gaaraas.com/fr/vehicle_listings/annonce-mazda-2-dakar-dakar-2780,2008 Mazda 2,Mazda,2,2008,Dakar,Dakar,1100000.0,1400000,Manuelle
https://www.gaaraas.com/fr/vehicle_listings/annonce-peugeot-307-dakar-dakar-1931,2007 Peugeot 307,Peugeot,307,2007,Dakar,Dakar,2200000.0,1600000,Manuelle
https://www.gaaraas.com/fr/vehicle_listings/annonce-hyundai-sonata-dakar-dakar-3570,2006 Hyundai Sonata,Hyundai,Sonata,2006,Dakar,Dakar,2000000.0,1400000,Automatique
https://www.gaaraas.com/fr/vehicle_listings/annonce-peugeot-406-dakar-dakar-1707,2006 Peugeot 406,Peugeot,406,2006,Dakar,Dakar,2500000.0,1600000,Manuelle
https://www.gaaraas.com/fr/vehicle_listings/annonce-hyundai-tucson-dakar-dakar-548,2010 Hyundai Tucson,Hyundai,Tucson,2010,Dakar,Dakar,4200000.0,790440,Manuelle
https://www.gaaraas.com/fr/vehicle_listings/annonce-mercedes-benz-190-dakar-dakar-2109,1989 Mercedes‒Benz 190,Mercedes‒Benz,190,1989,Dakar,Dakar,1900000.0,1600000,Manuelle
https://www.gaaraas.com/fr/vehicle_listings/annonce-chrysler-sebring-dakar-dakar-4135,2009 Chrysler Sebring,Chrysler,Sebring,2009,Dakar,Dakar,2000000.0,990000,Automatique
https://www.gaaraas.com/fr/vehicle_listings/annonce-toyota-camry-dakar-dakar-1105,2010 Toyota Camry,Toyota,Camry,2010,Dakar,Dakar,4500000.0,1100000,Automatique
https://www.gaaraas.com/fr/vehicle_listings/annonce-skoda-octavia-dakar-dakar-1667,2010 Skoda Octavia,Skoda,Octavia,2010,Dakar,Dakar,2600000.0,1600000,Manuelle
https://www.gaaraas.com/fr/vehicle_listings/annonce-hyundai-sonata-louga-dahra-4357,2013 Hyundai Sonata,Hyundai,Sonata,2013,Dahra,Dahra,5200000.0,920000,Automatique
https://www.gaaraas.com/fr/vehicle_listings/annonce-toyota-corolla-dakar-dakar-887,2010 Toyota Corolla,Toyota,Corolla,2010,Dakar,Dakar,3500000.0,889970,Manuelle
https://www.gaaraas.com/fr/vehicle_listings/annonce-peugeot-308-dakar-dakar-4138,2009 Peugeot 308,Peugeot,308,2009,Dakar,Dakar,2600000.0,1200000,Manuelle
https://www.gaaraas.com/fr/vehicle_listings/annonce-toyota-avensis-dakar-dakar-1664,2008 Toyota Avensis,Toyota,Avensis,2008,Dakar,Dakar,2500000.0,1600000,Manuelle
https://www.gaaraas.com/fr/vehicle_listings/annonce-toyota-corolla-dakar-dakar-2445,2007 Toyota Corolla,Toyota,Corolla,2007,Dakar,Dakar,4300000.0,2350000,Manuelle
https://www.gaaraas.com/fr/vehicle_listings/annonce-volkswagen-golf-dakar-dakar-1792,2005 Volkswagen Golf,Volkswagen,Golf,2005,Dakar,Dakar,2200000.0,1800000,Manuelle
https://www.gaaraas.com/fr/vehicle_listings/annonce-renault-21-dakar-dakar-2800,2002 Renault 21,Renault,21,2002,Dakar,Dakar,2200000.0,1600000,Manuelle
https://www.gaaraas.com/fr/vehicle_listings/annonce-toyota-avensis-dakar-dakar-2882,2006 Toyota Avensis,Toyota,Avensis,2006,Dakar,Dakar,1600000.0,1860000,Manuelle
https://www.gaaraas.com/fr/vehicle_listings/annonce-toyota-verso-dakar-dakar-3569,2007 Toyota Verso,Toyota,Verso,2007,Dakar,Dakar,2500000.0,3130000,Manuelle
https://www.gaaraas.com/fr/vehicle_listings/annonce-renault-safrane-dakar-dakar-2118,2007 Renault Safrane,Renault,Safrane,2007,Dakar,Dakar,2200000.0,1600000,Manuelle
https://www.gaaraas.com/fr/vehicle_listings/annonce-renault-scenic-dakar-dakar-4195,2008 Renault Scenic,Renault,Scenic,2008,Dakar,Dakar,2000000.0,1300000,Manuelle
https://www.gaaraas.com/fr/vehicle_listings/annonce-chery-a113-dakar-dakar-510,2008 Chery A113,Chery,A113,2008,Dakar,Dakar,1700000.0,790000,Manuelle
https://www.gaaraas.com/fr/vehicle_listings/annonce-renault-clio-dakar-dakar-4178,2007 Renault Clio,Renault,Clio,2007,Dakar,Dakar,1750000.0,1200000,Manuelle
https://www.gaaraas.com/fr/vehicle_listings/annonce-renault-megane-dakar-dakar-1237,2009 Renault Megane,Renault,Megane,2009,Dakar,Dakar,3300000.0,2332000,Manuelle
https://www.gaaraas.com/fr/vehicle_listings/annonce-peugeot-508-dakar-dakar-1535,2012 Peugeot 508,Peugeot,508,2012,Dakar,Dakar,4700000.0,1022200,Manuelle
https://www.gaaraas.com/fr/vehicle_listings/annonce-citroen-c4-dakar-dakar-2082,2007 Citroen C4,Citroen,C4,2007,Dakar,Dakar,2200000.0,1600000,Manuelle
https://www.gaaraas.com/fr/vehicle_listings/annonce-peugeot-308-dakar-dakar-2701,2008 Peugeot 308,Peugeot,308,2008,Dakar,Dakar,2800000.0,1600000,Manuelle
https://www.gaaraas.com/fr/vehicle_listings/annonce-toyota-yaris-dakar-dakar-1662,2007 Toyota Yaris,Toyota,Yaris,2007,Dakar,Dakar,2700000.0,1800000,Manuelle
https://www.gaaraas.com/fr/vehicle_listings/annonce-nissan-juke-dakar-dakar-760,2011 Nissan Juke,Nissan,Juke,2011,Dakar,Dakar,5500000.0,1570000,Manuelle
https://www.gaaraas.com/fr/vehicle_listings/annonce-ford-focus-dakar-dakar-4417,2007 Ford Focus,Ford,Focus,2007,Dakar,Dakar,2700000.0,1000000,Automatique
https://www.gaaraas.com/fr/vehicle_listings/annonce-toyota-corolla-dakar-dakar-464,2010 Toyota Corolla,Toyota,Corolla,2010,Dakar,Dakar,3200000.0,900000,Manuelle
https://www.gaaraas.com/fr/vehicle_listings/annonce-mercedes-benz-190-dakar-dakar-3060,2007 Mercedes‒Benz 190,Mercedes‒Benz,190,2007,Dakar,Dakar,2900000.0,1600000,Automatique
https://www.gaaraas.com/fr/vehicle_listings/annonce-nissan-rogue-dakar-dakar-790,2010 Nissan Rogue,Nissan,Rogue,2010,Dakar,Dakar,8500000.0,845000,Automatique
https://www.gaaraas.com/fr/vehicle_listings/annonce-hyundai-santa-fe-dakar-dakar-2646,2005 Hyundai Santa Fe,Hyundai,Santa Fe,2005,Dakar,Dakar,3500000.0,3000000,Manuelle
https://www.gaaraas.com/fr/vehicle_listings/annonce-ford-focus-dakar-dakar-3739,2015 Ford Focus,Ford,Focus,2015,Dakar,Dakar,5800000.0,290000,Automatique
https://www.gaaraas.com/fr/vehicle_listings/annonce-peugeot-807-dakar-dakar-1587,2010 Peugeot 807,Peugeot,807,2010,Dakar,Dakar,4800000.0,1600000,Manuelle
https://www.gaaraas.com/fr/vehicle_listings/annonce-peugeot-407-dakar-dakar-4171,2007 Peugeot 407,Peugeot,407,2007,Dakar,Dakar,2000000.0,1100000,Manuelle
https://www.gaaraas.com/fr/vehicle_listings/annonce-peugeot-205-dakar-dakar-2262,2000 Peugeot 205,Peugeot,205,2000,Dakar,Dakar,1500000.0,1600000,Manuelle
https://www.gaaraas.com/fr/vehicle_listings/annonce-toyota-rav4-dakar-dakar-4389,2007 Toyota RAV4,Toyota,RAV4,2007,Dakar,Dakar,4000000.0,1450000,Manuelle
https://www.gaaraas.com/fr/vehicle_listings/annonce-peugeot-307-dakar-dakar-4161,2008 Peugeot 307,Peugeot,307,2008,Dakar,Dakar,2000000.0,1200000,Manuelle
https://www.gaaraas.com/fr/vehicle_listings/annonce-renault-scenic-dakar-dakar-3478,2006 Renault Scenic,Renault,Scenic,2006,Dakar,Dakar,2200000.0,1400000,Manuelle
https://www.gaaraas.com/fr/vehicle_listings/annonce-nissan-teana-dakar-dakar-422,2011 Nissan Teana,Nissan,Teana,2011,Dakar,Dakar,8000000.0,900000,Manuelle
https://www.gaaraas.com/fr/vehicle_listings/annonce-dacia-sandero-dakar-dakar-2117,2010 Dacia Sandero,Dacia,Sandero,2010,Dakar,Dakar,2200000.0,1600000,Manuelle
https://www.gaaraas.com/fr/vehicle_listings/annonce-lada-niva-dakar-dakar-1919,2008 Lada Niva,Lada,Niva,2008,Dakar,Dakar,1500000.0,1600000,Manuelle
https://www.gaaraas.com/fr/vehicle_listings/annonce-dacia-logan-dakar-dakar-2116,2009 Dacia Logan,Dacia,Logan,2009,Dakar,Dakar,2800000.0,5000000,Manuelle
https://www.gaaraas.com/fr/vehicle_listings/annonce-peugeot-406-dakar-dakar-2290,2003 Peugeot 406,Peugeot,406,2003,Dakar,Dakar,2400000.0,1600000,Manuelle
https://www.gaaraas.com/fr/vehicle_listings/annonce-jeep-patriot-dakar-dakar-2023,2015 Jeep Patriot,Jeep,Patriot,2015,Dakar,Dakar,9500000.0,512000,Automatique
https://www.gaaraas.com/fr/vehicle_listings/annonce-renault-scenic-dakar-dakar-1191,2008 Renault Scenic,Renault,Scenic,2008,Dakar,Dakar,2200000.0,160000,Manuelle
https://www.gaaraas.com/fr/vehicle_listings/annonce-ford-escape-dakar-dakar-3183,2011 Ford Escape,Ford,Escape,2011,Dakar,Dakar,5800000.0,0,Automatique
https://www.gaaraas.com/fr/vehicle_listings/annonce-toyota-rav4-dakar-dakar-560,2007 Toyota RAV4,Toyota,RAV4,2007,Dakar,Dakar,5200000.0,1200000,Manuelle
https://www.gaaraas.com/fr/vehicle_listings/annonce-hyundai-tucson-dakar-dakar-874,2006 Hyundai Tucson,Hyundai,Tucson,2006,Dakar,Dakar,4000000.0,2980000,Manuelle
https://www.gaaraas.com/fr/vehicle_listings/annonce-citroen-c3-dakar-dakar-1666,2007 Citroen C3,Citroen,C3,2007,Dakar,Dakar,2400000.0,1800000,Manuelle
https://www.gaaraas.com/fr/vehicle_listings/annonce-peugeot-205-dakar-dakar-1934,2000 Peugeot 205,Peugeot,205,2000,Dakar,Dakar,1400000.0,1600000,Manuelle
https://www.gaaraas.com/fr/vehicle_listings/annonce-peugeot-307-dakar-dakar-2915,2005 Peugeot 307,Peugeot,307,2005,Dakar,Dakar,2100000.0,1600000,Manuelle
https://www.gaaraas.com/fr/vehicle_listings/annonce-jeep-wrangler-dakar-dakar-2454,2013 Jeep Wrangler,Jeep,Wrangler,2013,Dakar,Dakar,20000000.0,1000000,Automatique
https://www.gaaraas.com/fr/vehicle_listings/annonce-peugeot-406-dakar-dakar-1119,2004 Peugeot 406,Peugeot,406,2004,Dakar,Dakar,2700000.0,1200000,Manuelle
https://www.gaaraas.com/fr/vehicle_listings/annonce-renault-19-dakar-dakar-3449,1989 Renault 19,Renault,19,1989,Dakar,Dakar,1500000.0,1400000,Manuelle
https://www.gaaraas.com/fr/vehicle_listings/annonce-toyota-rav4-dakar-dakar-191,2010 Toyota RAV4,Toyota,RAV4,2010,Dakar,Dakar,9600000.0,1800000,Automatique
https://www.gaaraas.com/fr/vehicle_listings/annonce-peugeot-308-dakar-dakar-681,2008 Peugeot 308,Peugeot,308,2008,Dakar,Dakar,2700000.0,1600000,Manuelle
https://www.gaaraas.com/fr/vehicle_listings/annonce-peugeot-405-dakar-dakar-4173,2005 Peugeot 405,Peugeot,405,2005,Dakar,Dakar,1900000.0,1200000,Manuelle
https://www.gaaraas.com/fr/vehicle_listings/annonce-peugeot-308-dakar-dakar-3635,2010 Peugeot 308,Peugeot,308,2010,Dakar,Dakar,2900000.0,1200000,Manuelle
https://www.gaaraas.com/fr/vehicle_listings/annonce-nissan-200sx-dakar-dakar-746,2006 Nissan 200SX,Nissan,200SX,2006,Dakar,Dakar,1600000.0,1800000,Manuelle
https://www.gaaraas.com/fr/vehicle_listings/annonce-mitsubishi-l200-dakar-dakar-4388,2011 Mitsubishi L200,Mitsubishi,L200,2011,Dakar,Dakar,6000000.0,1200000,Manuelle
https://www.gaaraas.com/fr/vehicle_listings/annonce-citroen-berlingo-dakar-dakar-1327,2006 Citroen Berlingo,Citroen,Berlingo,2006,Dakar,Dakar,2400000.0,1800000,Manuelle
https://www.gaaraas.com/fr/vehicle_listings/annonce-peugeot-305-dakar-dakar-578,2004 Peugeot 305,Peugeot,305,2004,Dakar,Dakar,1600000.0,1280000,Manuelle
https://www.gaaraas.com/fr/vehicle_listings/annonce-renault-megane-dakar-dakar-1665,2007 Renault Megane,Renault,Megane,2007,Dakar,Dakar,2700000.0,1800000,Manuelle
https://www.gaaraas.com/fr/vehicle_listings/annonce-ford-focus-st-dakar-dakar-2887,2012 Ford Focus ST,Ford,Focus ST,2012,Dakar,Dakar,3300000.0,1400000,Automatique
https://www.gaaraas.com/fr/vehicle_listings/annonce-ford-escape-dakar-dakar-871,2014 Ford Escape,Ford,Escape,2014,Dakar,Dakar,8200000.0,1050000,Manuelle
https://www.gaaraas.com/fr/vehicle_listings/annonce-citroen-xsara-dakar-dakar-3025,2006 Citroen Xsara,Citroen,Xsara,2006,Dakar,Dakar,1800000.0,1600000,Manuelle
https://www.gaaraas.com/fr/vehicle_listings/annonce-peugeot-308-dakar-dakar-2758,2012 Peugeot 308,Peugeot,308,2012,Dakar,Dakar,3900000.0,1600000,Manuelle
https://www.gaaraas.com/fr/vehicle_listings/annonce-citroen-c4-dakar-dakar-2611,2008 Citroen C4,Citroen,C4,2008,Dakar,Dakar,2100000.0,909250,Manuelle
https://www.gaaraas.com/fr/vehicle_listings/annonce-renault-megane-dakar-dakar-4348,2008 Renault Megane,Renault,Megane,2008,Dakar,Dakar,1850000.0,1200000,Manuelle
https://www.gaaraas.com/fr/vehicle_listings/annonce-dacia-logan-dakar-dakar-878,2008 Dacia Logan,Dacia,Logan,2008,Dakar,Dakar,2600000.0,1370000,Manuelle
https://www.gaaraas.com/fr/vehicle_listings/annonce-peugeot-307-dakar-dakar-1748,2007 Peugeot 307,Peugeot,307,2007,Dakar,Dakar,2100000.0,1755980,Manuelle
https://www.gaaraas.com/fr/vehicle_listings/annonce-toyota-rav4-dakar-dakar-2896,2006 Toyota RAV4,Toyota,RAV4,2006,Dakar,Dakar,3500000.0,1400000,Manuelle
https://www.gaaraas.com/fr/vehicle_listings/annonce-fiat-stilo-dakar-dakar-2508,2007 Fiat Stilo,Fiat,Stilo,2007,Dakar,Dakar,2700000.0,1600000,Manuelle
https://www.gaaraas.com/fr/vehicle_listings/annonce-audi-s3-dakar-dakar-4137,2007 Audi S3,Audi,S3,2007,Dakar,Dakar,2000000.0,1200000,Manuelle
