web_scraper_order,web_scraper_start_url,prix,region,titre_vehicule,kilometrage,car_link,car_link-href,boite_vitesse,annee
"1785857519-1","https://www.gaaraas.com/fr/users/dakar-auto?page=100","","","","","","","",""
"1785857519-2","https://www.gaaraas.com/fr/users/dakar-auto?page=100","","","Il n'y a pas d'annonce","","","","",""
"1785857519-3","https://www.gaaraas.com/fr/users/dakar-auto?page=100","","","Souscrire à notre newsletter","","","","",""
"1785857519-4","https://www.gaaraas.com/fr/users/dakar-auto?page=100","","","","","","","",""
"1785857524-5","https://www.gaaraas.com/fr/users/dakar-auto?page=100","","","","","","https://www.facebook.com/gaaraassenegal/?fref=ts","",""
"1785857528-6","https://www.gaaraas.com/fr/users/dakar-auto?page=100","","","","","Notre histoire","https://www.gaaraas.com/fr/p/about-us","",""
"1785857533-7","https://www.gaaraas.com/fr/users/dakar-auto?page=99","","","","","","","",""
"1785857533-8","https://www.gaaraas.com/fr/users/dakar-auto?page=99","","","Il n'y a pas d'annonce","","","","",""
"1785857533-9","https://www.gaaraas.com/fr/users/dakar-auto?page=99","","","Souscrire à notre newsletter","","","","",""
"1785857533-10","https://www.gaaraas.com/fr/users/dakar-auto?page=99","","","","","","","",""
"1785857537-11","https://www.gaaraas.com/fr/users/dakar-auto?page=98","","","","","","","",""
"1785857537-12","https://www.gaaraas.com/fr/users/dakar-auto?page=98","","","Il n'y a pas d'annonce","","","","",""
"1785857537-13","https://www.gaaraas.com/fr/users/dakar-auto?page=98","","","Souscrire à notre newsletter","","","","",""
"1785857537-14","https://www.gaaraas.com/fr/users/dakar-auto?page=98","","","","","","","",""
"1785857541-15","https://www.gaaraas.com/fr/users/dakar-auto?page=97","","","","","","","",""
"1785857541-16","https://www.gaaraas.com/fr/users/dakar-auto?page=97","","","Il n'y a pas d'annonce","","","","",""
"1785857541-17","https://www.gaaraas.com/fr/users/dakar-auto?page=97","","","Souscrire à notre newsletter","","","","",""
"1785857541-18","https://www.gaaraas.com/fr/users/dakar-auto?page=97","","","","","","","",""
"1785857546-19","https://www.gaaraas.com/fr/users/dakar-auto?page=96","","","","","","","",""
"1785857546-20","https://www.gaaraas.com/fr/users/dakar-auto?page=96","","","Il n'y a pas d'annonce","","","","",""
"1785857546-21","https://www.gaaraas.com/fr/users/dakar-auto?page=96","","","Souscrire à notre newsletter","","","","",""
"1785857546-22","https://www.gaaraas.com/fr/users/dakar-auto?page=96","","","","","","","",""
"1785857550-23","https://www.gaaraas.com/fr/users/dakar-auto?page=95","","","","","","","",""
"1785857550-24","https://www.gaaraas.com/fr/users/dakar-auto?page=95","","","Il n'y a pas d'annonce","","","","",""
"1785857550-25","https://www.gaaraas.com/fr/users/dakar-auto?page=95","","","Souscrire à notre newsletter","","","","",""
"1785857550-26","https://www.gaaraas.com/fr/users/dakar-auto?page=95","","","","","","","",""
"1785857555-27","https://www.gaaraas.com/fr/users/dakar-auto?page=94","","","","","","","",""
"1785857555-28","https://www.gaaraas.com/fr/users/dakar-auto?page=94","","","Il n'y a pas d'annonce","","","","",""
"1785857555-29","https://www.gaaraas.com/fr/users/dakar-auto?page=94","","","Souscrire à notre newsletter","","","","",""
"1785857555-30","https://www.gaaraas.com/fr/users/dakar-auto?page=94","","","","","","","",""
"1785857559-31","https://www.gaaraas.com/fr/users/dakar-auto?page=93","","","","","","","",""
"1785857559-32","https://www.gaaraas.com/fr/users/dakar-auto?page=93","","","Il n'y a pas d'annonce","","","","",""
"1785857559-33","https://www.gaaraas.com/fr/users/dakar-auto?page=93","","","Souscrire à notre newsletter","","","","",""
"1785857559-34","https://www.gaaraas.com/fr/users/dakar-auto?page=93","","","","","","","",""
"1785857564-35","https://www.gaaraas.com/fr/users/dakar-auto?page=92","","","","","","","",""
"1785857564-36","https://www.gaaraas.com/fr/users/dakar-auto?page=92","","","Il n'y a pas d'annonce","","","","",""
"1785857564-37","https://www.gaaraas.com/fr/users/dakar-auto?page=92","","","Souscrire à notre newsletter","","","","",""
"1785857564-38","https://www.gaaraas.com/fr/users/dakar-auto?page=92","","","","","","","",""
"1785857570-39","https://www.gaaraas.com/fr/users/dakar-auto?page=91","","","","","","","",""
"1785857570-40","https://www.gaaraas.com/fr/users/dakar-auto?page=91","","","Il n'y a pas d'annonce","","","","",""
"1785857570-41","https://www.gaaraas.com/fr/users/dakar-auto?page=91","","","Souscrire à notre newsletter","","","","",""
"1785857570-42","https://www.gaaraas.com/fr/users/dakar-auto?page=91","","","","","","","",""
"1785857574-43","https://www.gaaraas.com/fr/users/dakar-auto?page=90","","","","","","","",""
"1785857574-44","https://www.gaaraas.com/fr/users/dakar-auto?page=90","","","Il n'y a pas d'annonce","","","","",""
"1785857574-45","https://www.gaaraas.com/fr/users/dakar-auto?page=90","","","Souscrire à notre newsletter","","","","",""
"1785857574-46","https://www.gaaraas.com/fr/users/dakar-auto?page=90","","","","","","","",""
"1785857578-47","https://www.gaaraas.com/fr/users/dakar-auto?page=89","","","","","","","",""
"1785857578-48","https://www.gaaraas.com/fr/users/dakar-auto?page=89","","","Il n'y a pas d'annonce","","","","",""
"1785857578-49","https://www.gaaraas.com/fr/users/dakar-auto?page=89","","","Souscrire à notre newsletter","","","","",""
"1785857578-50","https://www.gaaraas.com/fr/users/dakar-auto?page=89","","","","","","","",""
"1785857583-51","https://www.gaaraas.com/fr/users/dakar-auto?page=88","","","","","","","",""
"1785857583-52","https://www.gaaraas.com/fr/users/dakar-auto?page=88","","","Il n'y a pas d'annonce","","","","",""
"1785857583-53","https://www.gaaraas.com/fr/users/dakar-auto?page=88","","","Souscrire à notre newsletter","","","","",""
"1785857583-54","https://www.gaaraas.com/fr/users/dakar-auto?page=88","","","","","","","",""
"1785857587-55","https://www.gaaraas.com/fr/users/dakar-auto?page=87","","","","","","","",""
"1785857587-56","https://www.gaaraas.com/fr/users/dakar-auto?page=87","","","Il n'y a pas d'annonce","","","","",""
"1785857587-57","https://www.gaaraas.com/fr/users/dakar-auto?page=87","","","Souscrire à notre newsletter","","","","",""
"1785857587-58","https://www.gaaraas.com/fr/users/dakar-auto?page=87","","","","","","","",""
"1785857591-59","https://www.gaaraas.com/fr/users/dakar-auto?page=86","","","","","","","",""
"1785857591-60","https://www.gaaraas.com/fr/users/dakar-auto?page=86","","","Il n'y a pas d'annonce","","","","",""
"1785857591-61","https://www.gaaraas.com/fr/users/dakar-auto?page=86","","","Souscrire à notre newsletter","","","","",""
"1785857591-62","https://www.gaaraas.com/fr/users/dakar-auto?page=86","","","","","","","",""
"1785857596-63","https://www.gaaraas.com/fr/users/dakar-auto?page=85","","","","","","","",""
"1785857596-64","https://www.gaaraas.com/fr/users/dakar-auto?page=85","","","Il n'y a pas d'annonce","","","","",""
"1785857596-65","https://www.gaaraas.com/fr/users/dakar-auto?page=85","","","Souscrire à notre newsletter","","","","",""
"1785857596-66","https://www.gaaraas.com/fr/users/dakar-auto?page=85","","","","","","","",""
"1785857600-67","https://www.gaaraas.com/fr/users/dakar-auto?page=84","","","","","","","",""
"1785857600-68","https://www.gaaraas.com/fr/users/dakar-auto?page=84","","","Il n'y a pas d'annonce","","","","",""
"1785857600-69","https://www.gaaraas.com/fr/users/dakar-auto?page=84","","","Souscrire à notre newsletter","","","","",""
"1785857600-70","https://www.gaaraas.com/fr/users/dakar-auto?page=84","","","","","","","",""
"1785857604-71","https://www.gaaraas.com/fr/users/dakar-auto?page=83","","","","","","","",""
"1785857604-72","https://www.gaaraas.com/fr/users/dakar-auto?page=83","","","Il n'y a pas d'annonce","","","","",""
"1785857604-73","https://www.gaaraas.com/fr/users/dakar-auto?page=83","","","Souscrire à notre newsletter","","","","",""
"1785857604-74","https://www.gaaraas.com/fr/users/dakar-auto?page=83","","","","","","","",""
"1785857609-75","https://www.gaaraas.com/fr/users/dakar-auto?page=82","","","","","","","",""
"1785857609-76","https://www.gaaraas.com/fr/users/dakar-auto?page=82","","","Il n'y a pas d'annonce","","","","",""
"1785857609-77","https://www.gaaraas.com/fr/users/dakar-auto?page=82","","","Souscrire à notre newsletter","","","","",""
"1785857609-78","https://www.gaaraas.com/fr/users/dakar-auto?page=82","","","","","","","",""
"1785857613-79","https://www.gaaraas.com/fr/users/dakar-auto?page=81","","","","","","","",""
"1785857613-80","https://www.gaaraas.com/fr/users/dakar-auto?page=81","","","Il n'y a pas d'annonce","","","","",""
"1785857613-81","https://www.gaaraas.com/fr/users/dakar-auto?page=81","","","Souscrire à notre newsletter","","","","",""
"1785857613-82","https://www.gaaraas.com/fr/users/dakar-auto?page=81","","","","","","","",""
"1785857618-83","https://www.gaaraas.com/fr/users/dakar-auto?page=80","","","","","","","",""
"1785857618-84","https://www.gaaraas.com/fr/users/dakar-auto?page=80","","","Il n'y a pas d'annonce","","","","",""
"1785857618-85","https://www.gaaraas.com/fr/users/dakar-auto?page=80","","","Souscrire à notre newsletter","","","","",""
"1785857618-86","https://www.gaaraas.com/fr/users/dakar-auto?page=80","","","","","","","",""
"1785857622-87","https://www.gaaraas.com/fr/users/dakar-auto?page=79","","","","","","","",""
"1785857622-88","https://www.gaaraas.com/fr/users/dakar-auto?page=79","","","Il n'y a pas d'annonce","","","","",""
"1785857622-89","https://www.gaaraas.com/fr/users/dakar-auto?page=79","","","Souscrire à notre newsletter","","","","",""
"1785857622-90","https://www.gaaraas.com/fr/users/dakar-auto?page=79","","","","","","","",""
"1785857626-91","https://www.gaaraas.com/fr/users/dakar-auto?page=78","","","","","","","",""
"1785857626-92","https://www.gaaraas.com/fr/users/dakar-auto?page=78","","","Il n'y a pas d'annonce","","","","",""
"1785857626-93","https://www.gaaraas.com/fr/users/dakar-auto?page=78","","","Souscrire à notre newsletter","","","","",""
"1785857626-94","https://www.gaaraas.com/fr/users/dakar-auto?page=78","","","","","","","",""
"1785857631-95","https://www.gaaraas.com/fr/users/dakar-auto?page=77","","","","","","","",""
"1785857631-96","https://www.gaaraas.com/fr/users/dakar-auto?page=77","","","Il n'y a pas d'annonce","","","","",""
"1785857631-97","https://www.gaaraas.com/fr/users/dakar-auto?page=77","","","Souscrire à notre newsletter","","","","",""
"1785857631-98","https://www.gaaraas.com/fr/users/dakar-auto?page=77","","","","","","","",""
"1785857635-99","https://www.gaaraas.com/fr/users/dakar-auto?page=76","","","","","","","",""
"1785857635-100","https://www.gaaraas.com/fr/users/dakar-auto?page=76","","","Il n'y a pas d'annonce","","","","",""
"1785857635-101","https://www.gaaraas.com/fr/users/dakar-auto?page=76","","","Souscrire à notre newsletter","","","","",""
"1785857635-102","https://www.gaaraas.com/fr/users/dakar-auto?page=76","","","","","","","",""
"1785857639-103","https://www.gaaraas.com/fr/users/dakar-auto?page=75","","","","","","","",""
"1785857639-104","https://www.gaaraas.com/fr/users/dakar-auto?page=75","","","Il n'y a pas d'annonce","","","","",""
"1785857639-105","https://www.gaaraas.com/fr/users/dakar-auto?page=75","","","Souscrire à notre newsletter","","","","",""
"1785857639-106","https://www.gaaraas.com/fr/users/dakar-auto?page=75","","","","","","","",""
"1785857644-107","https://www.gaaraas.com/fr/users/dakar-auto?page=74","","","","","","","",""
"1785857644-108","https://www.gaaraas.com/fr/users/dakar-auto?page=74","","","Il n'y a pas d'annonce","","","","",""
"1785857644-109","https://www.gaaraas.com/fr/users/dakar-auto?page=74","","","Souscrire à notre newsletter","","","","",""
"1785857644-110","https://www.gaaraas.com/fr/users/dakar-auto?page=74","","","","","","","",""
"1785857649-111","https://www.gaaraas.com/fr/users/dakar-auto?page=73","","","","","","","",""
"1785857649-112","https://www.gaaraas.com/fr/users/dakar-auto?page=73","","","Il n'y a pas d'annonce","","","","",""
"1785857649-113","https://www.gaaraas.com/fr/users/dakar-auto?page=73","","","Souscrire à notre newsletter","","","","",""
"1785857649-114","https://www.gaaraas.com/fr/users/dakar-auto?page=73","","","","","","","",""
"1785857653-115","https://www.gaaraas.com/fr/users/dakar-auto?page=72","","","","","","","",""
"1785857653-116","https://www.gaaraas.com/fr/users/dakar-auto?page=72","","","Il n'y a pas d'annonce","","","","",""
"1785857653-117","https://www.gaaraas.com/fr/users/dakar-auto?page=72","","","Souscrire à notre newsletter","","","","",""
"1785857653-118","https://www.gaaraas.com/fr/users/dakar-auto?page=72","","","","","","","",""
"1785857658-119","https://www.gaaraas.com/fr/users/dakar-auto?page=71","","","","","","","",""
"1785857658-120","https://www.gaaraas.com/fr/users/dakar-auto?page=71","","","Il n'y a pas d'annonce","","","","",""
"1785857658-121","https://www.gaaraas.com/fr/users/dakar-auto?page=71","","","Souscrire à notre newsletter","","","","",""
"1785857658-122","https://www.gaaraas.com/fr/users/dakar-auto?page=71","","","","","","","",""
"1785857662-123","https://www.gaaraas.com/fr/users/dakar-auto?page=70","","","","","","","",""
"1785857662-124","https://www.gaaraas.com/fr/users/dakar-auto?page=70","","","Il n'y a pas d'annonce","","","","",""
"1785857662-125","https://www.gaaraas.com/fr/users/dakar-auto?page=70","","","Souscrire à notre newsletter","","","","",""
"1785857662-126","https://www.gaaraas.com/fr/users/dakar-auto?page=70","","","","","","","",""
"1785857667-127","https://www.gaaraas.com/fr/users/dakar-auto?page=69","","","","","","","",""
"1785857667-128","https://www.gaaraas.com/fr/users/dakar-auto?page=69","","","Il n'y a pas d'annonce","","","","",""
"1785857667-129","https://www.gaaraas.com/fr/users/dakar-auto?page=69","","","Souscrire à notre newsletter","","","","",""
"1785857667-130","https://www.gaaraas.com/fr/users/dakar-auto?page=69","","","","","","","",""
"1785857671-131","https://www.gaaraas.com/fr/users/dakar-auto?page=68","","","","","","","",""
"1785857671-132","https://www.gaaraas.com/fr/users/dakar-auto?page=68","","","Il n'y a pas d'annonce","","","","",""
"1785857671-133","https://www.gaaraas.com/fr/users/dakar-auto?page=68","","","Souscrire à notre newsletter","","","","",""
"1785857671-134","https://www.gaaraas.com/fr/users/dakar-auto?page=68","","","","","","","",""
"1785857677-135","https://www.gaaraas.com/fr/users/dakar-auto?page=67","","","","","","","",""
"1785857677-136","https://www.gaaraas.com/fr/users/dakar-auto?page=67","","","Il n'y a pas d'annonce","","","","",""
"1785857677-137","https://www.gaaraas.com/fr/users/dakar-auto?page=67","","","Souscrire à notre newsletter","","","","",""
"1785857677-138","https://www.gaaraas.com/fr/users/dakar-auto?page=67","","","","","","","",""
"1785857681-139","https://www.gaaraas.com/fr/users/dakar-auto?page=66","","","","","","","",""
"1785857681-140","https://www.gaaraas.com/fr/users/dakar-auto?page=66","","","Il n'y a pas d'annonce","","","","",""
"1785857681-141","https://www.gaaraas.com/fr/users/dakar-auto?page=66","","","Souscrire à notre newsletter","","","","",""
"1785857681-142","https://www.gaaraas.com/fr/users/dakar-auto?page=66","","","","","","","",""
"1785857686-143","https://www.gaaraas.com/fr/users/dakar-auto?page=65","","","","","","","",""
"1785857686-144","https://www.gaaraas.com/fr/users/dakar-auto?page=65","","","Il n'y a pas d'annonce","","","","",""
"1785857686-145","https://www.gaaraas.com/fr/users/dakar-auto?page=65","","","Souscrire à notre newsletter","","","","",""
"1785857686-146","https://www.gaaraas.com/fr/users/dakar-auto?page=65","","","","","","","",""
"1785857692-147","https://www.gaaraas.com/fr/users/dakar-auto?page=64","","","","","","","",""
"1785857692-148","https://www.gaaraas.com/fr/users/dakar-auto?page=64","","","Il n'y a pas d'annonce","","","","",""
"1785857692-149","https://www.gaaraas.com/fr/users/dakar-auto?page=64","","","Souscrire à notre newsletter","","","","",""
"1785857692-150","https://www.gaaraas.com/fr/users/dakar-auto?page=64","","","","","","","",""
"1785857698-151","https://www.gaaraas.com/fr/users/dakar-auto?page=63","","","","","","","",""
"1785857698-152","https://www.gaaraas.com/fr/users/dakar-auto?page=63","","","Il n'y a pas d'annonce","","","","",""
"1785857698-153","https://www.gaaraas.com/fr/users/dakar-auto?page=63","","","Souscrire à notre newsletter","","","","",""
"1785857698-154","https://www.gaaraas.com/fr/users/dakar-auto?page=63","","","","","","","",""
"1785857703-155","https://www.gaaraas.com/fr/users/dakar-auto?page=62","","","","","","","",""
"1785857703-156","https://www.gaaraas.com/fr/users/dakar-auto?page=62","","","Il n'y a pas d'annonce","","","","",""
"1785857703-157","https://www.gaaraas.com/fr/users/dakar-auto?page=62","","","Souscrire à notre newsletter","","","","",""
"1785857703-158","https://www.gaaraas.com/fr/users/dakar-auto?page=62","","","","","","","",""
"1785857708-159","https://www.gaaraas.com/fr/users/dakar-auto?page=61","","","","","","","",""
"1785857708-160","https://www.gaaraas.com/fr/users/dakar-auto?page=61","","","Il n'y a pas d'annonce","","","","",""
"1785857708-161","https://www.gaaraas.com/fr/users/dakar-auto?page=61","","","Souscrire à notre newsletter","","","","",""
"1785857708-162","https://www.gaaraas.com/fr/users/dakar-auto?page=61","","","","","","","",""
"1785857713-163","https://www.gaaraas.com/fr/users/dakar-auto?page=60","","","","","","","",""
"1785857713-164","https://www.gaaraas.com/fr/users/dakar-auto?page=60","","","Il n'y a pas d'annonce","","","","",""
"1785857713-165","https://www.gaaraas.com/fr/users/dakar-auto?page=60","","","Souscrire à notre newsletter","","","","",""
"1785857713-166","https://www.gaaraas.com/fr/users/dakar-auto?page=60","","","","","","","",""
"1785857718-167","https://www.gaaraas.com/fr/users/dakar-auto?page=59","","","","","","","",""
"1785857718-168","https://www.gaaraas.com/fr/users/dakar-auto?page=59","","","Il n'y a pas d'annonce","","","","",""
"1785857718-169","https://www.gaaraas.com/fr/users/dakar-auto?page=59","","","Souscrire à notre newsletter","","","","",""
"1785857718-170","https://www.gaaraas.com/fr/users/dakar-auto?page=59","","","","","","","",""
"1785857723-171","https://www.gaaraas.com/fr/users/dakar-auto?page=58","","","","","","","",""
"1785857723-172","https://www.gaaraas.com/fr/users/dakar-auto?page=58","","","Il n'y a pas d'annonce","","","","",""
"1785857723-173","https://www.gaaraas.com/fr/users/dakar-auto?page=58","","","Souscrire à notre newsletter","","","","",""
"1785857723-174","https://www.gaaraas.com/fr/users/dakar-auto?page=58","","","","","","","",""
"1785857729-175","https://www.gaaraas.com/fr/users/dakar-auto?page=57","","","","","","","",""
"1785857729-176","https://www.gaaraas.com/fr/users/dakar-auto?page=57","","","Il n'y a pas d'annonce","","","","",""
"1785857729-177","https://www.gaaraas.com/fr/users/dakar-auto?page=57","","","Souscrire à notre newsletter","","","","",""
"1785857729-178","https://www.gaaraas.com/fr/users/dakar-auto?page=57","","","","","","","",""
"1785857733-179","https://www.gaaraas.com/fr/users/dakar-auto?page=56","","","","","","","",""
"1785857733-180","https://www.gaaraas.com/fr/users/dakar-auto?page=56","","","Il n'y a pas d'annonce","","","","",""
"1785857733-181","https://www.gaaraas.com/fr/users/dakar-auto?page=56","","","Souscrire à notre newsletter","","","","",""
"1785857733-182","https://www.gaaraas.com/fr/users/dakar-auto?page=56","","","","","","","",""
"1785857738-183","https://www.gaaraas.com/fr/users/dakar-auto?page=55","","","","","","","",""
"1785857738-184","https://www.gaaraas.com/fr/users/dakar-auto?page=55","","","Il n'y a pas d'annonce","","","","",""
"1785857738-185","https://www.gaaraas.com/fr/users/dakar-auto?page=55","","","Souscrire à notre newsletter","","","","",""
"1785857738-186","https://www.gaaraas.com/fr/users/dakar-auto?page=55","","","","","","","",""
"1785857742-187","https://www.gaaraas.com/fr/users/dakar-auto?page=54","","","","","","","",""
"1785857742-188","https://www.gaaraas.com/fr/users/dakar-auto?page=54","","","Il n'y a pas d'annonce","","","","",""
"1785857742-189","https://www.gaaraas.com/fr/users/dakar-auto?page=54","","","Souscrire à notre newsletter","","","","",""
"1785857742-190","https://www.gaaraas.com/fr/users/dakar-auto?page=54","","","","","","","",""
"1785857747-191","https://www.gaaraas.com/fr/users/dakar-auto?page=53","","","","","","","",""
"1785857747-192","https://www.gaaraas.com/fr/users/dakar-auto?page=53","","","Il n'y a pas d'annonce","","","","",""
"1785857747-193","https://www.gaaraas.com/fr/users/dakar-auto?page=53","","","Souscrire à notre newsletter","","","","",""
"1785857747-194","https://www.gaaraas.com/fr/users/dakar-auto?page=53","","","","","","","",""
"1785857753-195","https://www.gaaraas.com/fr/users/dakar-auto?page=52","","","","","","","",""
"1785857753-196","https://www.gaaraas.com/fr/users/dakar-auto?page=52","","","Il n'y a pas d'annonce","","","","",""
"1785857753-197","https://www.gaaraas.com/fr/users/dakar-auto?page=52","","","Souscrire à notre newsletter","","","","",""
"1785857753-198","https://www.gaaraas.com/fr/users/dakar-auto?page=52","","","","","","","",""
"1785857757-199","https://www.gaaraas.com/fr/users/dakar-auto?page=51","","","","","","","",""
"1785857757-200","https://www.gaaraas.com/fr/users/dakar-auto?page=51","","","Il n'y a pas d'annonce","","","","",""
"1785857757-201","https://www.gaaraas.com/fr/users/dakar-auto?page=51","","","Souscrire à notre newsletter","","","","",""
"1785857757-202","https://www.gaaraas.com/fr/users/dakar-auto?page=51","","","","","","","",""
"1785857762-203","https://www.gaaraas.com/fr/users/dakar-auto?page=50","","","","","","","",""
"1785857762-204","https://www.gaaraas.com/fr/users/dakar-auto?page=50","","","Il n'y a pas d'annonce","","","","",""
"1785857762-205","https://www.gaaraas.com/fr/users/dakar-auto?page=50","","","Souscrire à notre newsletter","","","","",""
"1785857762-206","https://www.gaaraas.com/fr/users/dakar-auto?page=50","","","","","","","",""
"1785857766-207","https://www.gaaraas.com/fr/users/dakar-auto?page=49","","","","","","","",""
"1785857766-208","https://www.gaaraas.com/fr/users/dakar-auto?page=49","","","Il n'y a pas d'annonce","","","","",""
"1785857766-209","https://www.gaaraas.com/fr/users/dakar-auto?page=49","","","Souscrire à notre newsletter","","","","",""
"1785857766-210","https://www.gaaraas.com/fr/users/dakar-auto?page=49","","","","","","","",""
"1785857771-211","https://www.gaaraas.com/fr/users/dakar-auto?page=48","","","","","","","",""
"1785857771-212","https://www.gaaraas.com/fr/users/dakar-auto?page=48","","","Il n'y a pas d'annonce","","","","",""
"1785857771-213","https://www.gaaraas.com/fr/users/dakar-auto?page=48","","","Souscrire à notre newsletter","","","","",""
"1785857771-214","https://www.gaaraas.com/fr/users/dakar-auto?page=48","","","","","","","",""
"1785857775-215","https://www.gaaraas.com/fr/users/dakar-auto?page=47","","","","","","","",""
"1785857775-216","https://www.gaaraas.com/fr/users/dakar-auto?page=47","","","Il n'y a pas d'annonce","","","","",""
"1785857775-217","https://www.gaaraas.com/fr/users/dakar-auto?page=47","","","Souscrire à notre newsletter","","","","",""
"1785857775-218","https://www.gaaraas.com/fr/users/dakar-auto?page=47","","","","","","","",""
"1785857780-219","https://www.gaaraas.com/fr/users/dakar-auto?page=46","","","","","","","",""
"1785857780-220","https://www.gaaraas.com/fr/users/dakar-auto?page=46","","","Il n'y a pas d'annonce","","","","",""
"1785857780-221","https://www.gaaraas.com/fr/users/dakar-auto?page=46","","","Souscrire à notre newsletter","","","","",""
"1785857780-222","https://www.gaaraas.com/fr/users/dakar-auto?page=46","","","","","","","",""
"1785857784-223","https://www.gaaraas.com/fr/users/dakar-auto?page=45","","","","","","","",""
"1785857784-224","https://www.gaaraas.com/fr/users/dakar-auto?page=45","","","Il n'y a pas d'annonce","","","","",""
"1785857784-225","https://www.gaaraas.com/fr/users/dakar-auto?page=45","","","Souscrire à notre newsletter","","","","",""
"1785857784-226","https://www.gaaraas.com/fr/users/dakar-auto?page=45","","","","","","","",""
"1785857790-227","https://www.gaaraas.com/fr/users/dakar-auto?page=44","","","","","","","",""
"1785857790-228","https://www.gaaraas.com/fr/users/dakar-auto?page=44","","","Il n'y a pas d'annonce","","","","",""
"1785857790-229","https://www.gaaraas.com/fr/users/dakar-auto?page=44","","","Souscrire à notre newsletter","","","","",""
"1785857790-230","https://www.gaaraas.com/fr/users/dakar-auto?page=44","","","","","","","",""
"1785857796-231","https://www.gaaraas.com/fr/users/dakar-auto?page=43","","","","","","","",""
"1785857796-232","https://www.gaaraas.com/fr/users/dakar-auto?page=43","","","Il n'y a pas d'annonce","","","","",""
"1785857796-233","https://www.gaaraas.com/fr/users/dakar-auto?page=43","","","Souscrire à notre newsletter","","","","",""
"1785857796-234","https://www.gaaraas.com/fr/users/dakar-auto?page=43","","","","","","","",""
"1785857801-235","https://www.gaaraas.com/fr/users/dakar-auto?page=42","","","","","","","",""
"1785857801-236","https://www.gaaraas.com/fr/users/dakar-auto?page=42","","","Il n'y a pas d'annonce","","","","",""
"1785857801-237","https://www.gaaraas.com/fr/users/dakar-auto?page=42","","","Souscrire à notre newsletter","","","","",""
"1785857801-238","https://www.gaaraas.com/fr/users/dakar-auto?page=42","","","","","","","",""
"1785857805-239","https://www.gaaraas.com/fr/users/dakar-auto?page=41","","","","","","","",""
"1785857805-240","https://www.gaaraas.com/fr/users/dakar-auto?page=41","","","Il n'y a pas d'annonce","","","","",""
"1785857805-241","https://www.gaaraas.com/fr/users/dakar-auto?page=41","","","Souscrire à notre newsletter","","","","",""
"1785857805-242","https://www.gaaraas.com/fr/users/dakar-auto?page=41","","","","","","","",""
"1785857810-243","https://www.gaaraas.com/fr/users/dakar-auto?page=40","","","","","","","",""
"1785857810-244","https://www.gaaraas.com/fr/users/dakar-auto?page=40","","","Il n'y a pas d'annonce","","","","",""
"1785857810-245","https://www.gaaraas.com/fr/users/dakar-auto?page=40","","","Souscrire à notre newsletter","","","","",""
"1785857810-246","https://www.gaaraas.com/fr/users/dakar-auto?page=40","","","","","","","",""
"1785857814-247","https://www.gaaraas.com/fr/users/dakar-auto?page=39","","","","","","","",""
"1785857814-248","https://www.gaaraas.com/fr/users/dakar-auto?page=39","","","Il n'y a pas d'annonce","","","","",""
"1785857814-249","https://www.gaaraas.com/fr/users/dakar-auto?page=39","","","Souscrire à notre newsletter","","","","",""
"1785857814-250","https://www.gaaraas.com/fr/users/dakar-auto?page=39","","","","","","","",""
"1785857819-251","https://www.gaaraas.com/fr/users/dakar-auto?page=38","","","","","","","",""
"1785857819-252","https://www.gaaraas.com/fr/users/dakar-auto?page=38","","","Il n'y a pas d'annonce","","","","",""
"1785857819-253","https://www.gaaraas.com/fr/users/dakar-auto?page=38","","","Souscrire à notre newsletter","","","","",""
"1785857819-254","https://www.gaaraas.com/fr/users/dakar-auto?page=38","","","","","","","",""
"1785857823-255","https://www.gaaraas.com/fr/users/dakar-auto?page=37","","","","","","","",""
"1785857823-256","https://www.gaaraas.com/fr/users/dakar-auto?page=37","","","Il n'y a pas d'annonce","","","","",""
"1785857823-257","https://www.gaaraas.com/fr/users/dakar-auto?page=37","","","Souscrire à notre newsletter","","","","",""
"1785857823-258","https://www.gaaraas.com/fr/users/dakar-auto?page=37","","","","","","","",""
"1785857828-259","https://www.gaaraas.com/fr/users/dakar-auto?page=36","","","","","","","",""
"1785857828-260","https://www.gaaraas.com/fr/users/dakar-auto?page=36","","","Il n'y a pas d'annonce","","","","",""
"1785857828-261","https://www.gaaraas.com/fr/users/dakar-auto?page=36","","","Souscrire à notre newsletter","","","","",""
"1785857828-262","https://www.gaaraas.com/fr/users/dakar-auto?page=36","","","","","","","",""
"1785857832-263","https://www.gaaraas.com/fr/users/dakar-auto?page=35","","","","","","","",""
"1785857832-264","https://www.gaaraas.com/fr/users/dakar-auto?page=35","","","Il n'y a pas d'annonce","","","","",""
"1785857832-265","https://www.gaaraas.com/fr/users/dakar-auto?page=35","","","Souscrire à notre newsletter","","","","",""
"1785857832-266","https://www.gaaraas.com/fr/users/dakar-auto?page=35","","","","","","","",""
"1785857837-267","https://www.gaaraas.com/fr/users/dakar-auto?page=34","","","","","","","",""
"1785857837-268","https://www.gaaraas.com/fr/users/dakar-auto?page=34","","","Il n'y a pas d'annonce","","","","",""
"1785857837-269","https://www.gaaraas.com/fr/users/dakar-auto?page=34","","","Souscrire à notre newsletter","","","","",""
"1785857837-270","https://www.gaaraas.com/fr/users/dakar-auto?page=34","","","","","","","",""
"1785857842-271","https://www.gaaraas.com/fr/users/dakar-auto?page=33","","","","","","","",""
"1785857842-272","https://www.gaaraas.com/fr/users/dakar-auto?page=33","","","Il n'y a pas d'annonce","","","","",""
"1785857842-273","https://www.gaaraas.com/fr/users/dakar-auto?page=33","","","Souscrire à notre newsletter","","","","",""
"1785857842-274","https://www.gaaraas.com/fr/users/dakar-auto?page=33","","","","","","","",""
"1785857847-275","https://www.gaaraas.com/fr/users/dakar-auto?page=32","","","","","","","",""
"1785857847-276","https://www.gaaraas.com/fr/users/dakar-auto?page=32","","","Il n'y a pas d'annonce","","","","",""
"1785857847-277","https://www.gaaraas.com/fr/users/dakar-auto?page=32","","","Souscrire à notre newsletter","","","","",""
"1785857847-278","https://www.gaaraas.com/fr/users/dakar-auto?page=32","","","","","","","",""
"1785857851-279","https://www.gaaraas.com/fr/users/dakar-auto?page=31","","","","","","","",""
"1785857851-280","https://www.gaaraas.com/fr/users/dakar-auto?page=31","","","Il n'y a pas d'annonce","","","","",""
"1785857851-281","https://www.gaaraas.com/fr/users/dakar-auto?page=31","","","Souscrire à notre newsletter","","","","",""
"1785857851-282","https://www.gaaraas.com/fr/users/dakar-auto?page=31","","","","","","","",""
"1785857856-283","https://www.gaaraas.com/fr/users/dakar-auto?page=30","","","","","","","",""
"1785857856-284","https://www.gaaraas.com/fr/users/dakar-auto?page=30","","","Il n'y a pas d'annonce","","","","",""
"1785857856-285","https://www.gaaraas.com/fr/users/dakar-auto?page=30","","","Souscrire à notre newsletter","","","","",""
"1785857856-286","https://www.gaaraas.com/fr/users/dakar-auto?page=30","","","","","","","",""
"1785857860-287","https://www.gaaraas.com/fr/users/dakar-auto?page=29","","","","","","","",""
"1785857860-288","https://www.gaaraas.com/fr/users/dakar-auto?page=29","","","Il n'y a pas d'annonce","","","","",""
"1785857860-289","https://www.gaaraas.com/fr/users/dakar-auto?page=29","","","Souscrire à notre newsletter","","","","",""
"1785857860-290","https://www.gaaraas.com/fr/users/dakar-auto?page=29","","","","","","","",""
"1785857865-291","https://www.gaaraas.com/fr/users/dakar-auto?page=28","","","","","","","",""
"1785857865-292","https://www.gaaraas.com/fr/users/dakar-auto?page=28","","","Il n'y a pas d'annonce","","","","",""
"1785857865-293","https://www.gaaraas.com/fr/users/dakar-auto?page=28","","","Souscrire à notre newsletter","","","","",""
"1785857865-294","https://www.gaaraas.com/fr/users/dakar-auto?page=28","","","","","","","",""
"1785857871-295","https://www.gaaraas.com/fr/users/dakar-auto?page=27","","","","","","","",""
"1785857871-296","https://www.gaaraas.com/fr/users/dakar-auto?page=27","","","Il n'y a pas d'annonce","","","","",""
"1785857871-297","https://www.gaaraas.com/fr/users/dakar-auto?page=27","","","Souscrire à notre newsletter","","","","",""
"1785857871-298","https://www.gaaraas.com/fr/users/dakar-auto?page=27","","","","","","","",""
"1785857876-299","https://www.gaaraas.com/fr/users/dakar-auto?page=26","","","","","","","",""
"1785857876-300","https://www.gaaraas.com/fr/users/dakar-auto?page=26","","","Il n'y a pas d'annonce","","","","",""
"1785857876-301","https://www.gaaraas.com/fr/users/dakar-auto?page=26","","","Souscrire à notre newsletter","","","","",""
"1785857876-302","https://www.gaaraas.com/fr/users/dakar-auto?page=26","","","","","","","",""
"1785857882-303","https://www.gaaraas.com/fr/users/dakar-auto?page=25","","","","","","","",""
"1785857882-304","https://www.gaaraas.com/fr/users/dakar-auto?page=25","","","Il n'y a pas d'annonce","","","","",""
"1785857882-305","https://www.gaaraas.com/fr/users/dakar-auto?page=25","","","Souscrire à notre newsletter","","","","",""
"1785857882-306","https://www.gaaraas.com/fr/users/dakar-auto?page=25","","","","","","","",""
"1785857890-307","https://www.gaaraas.com/fr/users/dakar-auto?page=24","","","","","","","",""
"1785857890-308","https://www.gaaraas.com/fr/users/dakar-auto?page=24","","","Il n'y a pas d'annonce","","","","",""
"1785857890-309","https://www.gaaraas.com/fr/users/dakar-auto?page=24","","","Souscrire à notre newsletter","","","","",""
"1785857890-310","https://www.gaaraas.com/fr/users/dakar-auto?page=24","","","","","","","",""
"1785857895-311","https://www.gaaraas.com/fr/users/dakar-auto?page=23","","","","","","","",""
"1785857895-312","https://www.gaaraas.com/fr/users/dakar-auto?page=23","","","Il n'y a pas d'annonce","","","","",""
"1785857895-313","https://www.gaaraas.com/fr/users/dakar-auto?page=23","","","Souscrire à notre newsletter","","","","",""
"1785857895-314","https://www.gaaraas.com/fr/users/dakar-auto?page=23","","","","","","","",""
"1785857899-315","https://www.gaaraas.com/fr/users/dakar-auto?page=22","","","","","","","",""
"1785857899-316","https://www.gaaraas.com/fr/users/dakar-auto?page=22","","","Il n'y a pas d'annonce","","","","",""
"1785857899-317","https://www.gaaraas.com/fr/users/dakar-auto?page=22","","","Souscrire à notre newsletter","","","","",""
"1785857899-318","https://www.gaaraas.com/fr/users/dakar-auto?page=22","","","","","","","",""
"1785857904-319","https://www.gaaraas.com/fr/users/dakar-auto?page=21","","","","","","","",""
"1785857904-320","https://www.gaaraas.com/fr/users/dakar-auto?page=21","","","Il n'y a pas d'annonce","","","","",""
"1785857904-321","https://www.gaaraas.com/fr/users/dakar-auto?page=21","","","Souscrire à notre newsletter","","","","",""
"1785857904-322","https://www.gaaraas.com/fr/users/dakar-auto?page=21","","","","","","","",""
"1785857909-323","https://www.gaaraas.com/fr/users/dakar-auto?page=20","","","","","","","",""
"1785857909-324","https://www.gaaraas.com/fr/users/dakar-auto?page=20","","","Il n'y a pas d'annonce","","","","",""
"1785857909-325","https://www.gaaraas.com/fr/users/dakar-auto?page=20","","","Souscrire à notre newsletter","","","","",""
"1785857909-326","https://www.gaaraas.com/fr/users/dakar-auto?page=20","","","","","","","",""
"1785857913-327","https://www.gaaraas.com/fr/users/dakar-auto?page=19","","","","","","","",""
"1785857913-328","https://www.gaaraas.com/fr/users/dakar-auto?page=19","","","Il n'y a pas d'annonce","","","","",""
"1785857913-329","https://www.gaaraas.com/fr/users/dakar-auto?page=19","","","Souscrire à notre newsletter","","","","",""
"1785857913-330","https://www.gaaraas.com/fr/users/dakar-auto?page=19","","","","","","","",""
"1785857918-331","https://www.gaaraas.com/fr/users/dakar-auto?page=18","","","","","","","",""
"1785857918-332","https://www.gaaraas.com/fr/users/dakar-auto?page=18","","","Il n'y a pas d'annonce","","","","",""
"1785857918-333","https://www.gaaraas.com/fr/users/dakar-auto?page=18","","","Souscrire à notre newsletter","","","","",""
"1785857918-334","https://www.gaaraas.com/fr/users/dakar-auto?page=18","","","","","","","",""
"1785857922-335","https://www.gaaraas.com/fr/users/dakar-auto?page=17","","","","","","","",""
"1785857922-336","https://www.gaaraas.com/fr/users/dakar-auto?page=17","","","Il n'y a pas d'annonce","","","","",""
"1785857922-337","https://www.gaaraas.com/fr/users/dakar-auto?page=17","","","Souscrire à notre newsletter","","","","",""
"1785857922-338","https://www.gaaraas.com/fr/users/dakar-auto?page=17","","","","","","","",""
"1785857927-339","https://www.gaaraas.com/fr/users/dakar-auto?page=16","","","","","","","",""
"1785857927-340","https://www.gaaraas.com/fr/users/dakar-auto?page=16","","","Il n'y a pas d'annonce","","","","",""
"1785857927-341","https://www.gaaraas.com/fr/users/dakar-auto?page=16","","","Souscrire à notre newsletter","","","","",""
"1785857927-342","https://www.gaaraas.com/fr/users/dakar-auto?page=16","","","","","","","",""
"1785857931-343","https://www.gaaraas.com/fr/users/dakar-auto?page=15","","","","","","","",""
"1785857931-344","https://www.gaaraas.com/fr/users/dakar-auto?page=15","","","Il n'y a pas d'annonce","","","","",""
"1785857931-345","https://www.gaaraas.com/fr/users/dakar-auto?page=15","","","Souscrire à notre newsletter","","","","",""
"1785857931-346","https://www.gaaraas.com/fr/users/dakar-auto?page=15","","","","","","","",""
"1785857936-347","https://www.gaaraas.com/fr/users/dakar-auto?page=14","","","","","","","",""
"1785857936-348","https://www.gaaraas.com/fr/users/dakar-auto?page=14","","","Il n'y a pas d'annonce","","","","",""
"1785857936-349","https://www.gaaraas.com/fr/users/dakar-auto?page=14","","","Souscrire à notre newsletter","","","","",""
"1785857936-350","https://www.gaaraas.com/fr/users/dakar-auto?page=14","","","","","","","",""
"1785857941-351","https://www.gaaraas.com/fr/users/dakar-auto?page=13","","","","","","","",""
"1785857941-352","https://www.gaaraas.com/fr/users/dakar-auto?page=13","","","Souscrire à notre newsletter","","","","",""
"1785857941-353","https://www.gaaraas.com/fr/users/dakar-auto?page=13","","","","","","","",""
"1785857945-354","https://www.gaaraas.com/fr/users/dakar-auto?page=13","PrixCFA 2 600 000","Dakar","Prix","2008 Dacia LoganDakarPrixCFA 2 600 000Kilométrage137 000 kmN/A (Diesel)ManuelleDacia 2008,muté taxi en 2016 aucun probleme tout est nikel,moteur ordinaire,diesel. Prix last: 2.600.000 f Contact: 782718278 ou 764823888Publié il y a plus de 7 ans","Vendu42008 Dacia LoganDakarPrixCFA 2 600 000Kilométrage137 000 kmN/A (Diesel)ManuelleDacia 2008,muté taxi en 2016 aucun probleme tout est nikel,moteur ordinaire,diesel. Prix last: 2.600.000 f Contact: 782718278 ou 764823888Publié il y a plus de 7 ans","https://www.gaaraas.com/fr/vehicle_listings/annonce-dacia-logan-dakar-dakar-878","",""
"1785857952-355","https://www.gaaraas.com/fr/users/dakar-auto?page=12","","","","","","","",""
"1785857952-356","https://www.gaaraas.com/fr/users/dakar-auto?page=12","","","Souscrire à notre newsletter","","","","",""
"1785857952-357","https://www.gaaraas.com/fr/users/dakar-auto?page=12","","","","","","","",""
"1785857957-358","https://www.gaaraas.com/fr/users/dakar-auto?page=12","PrixCFA 1 400 000","Dakar","Prix","2000 Peugeot 205DakarPrixCFA 1 400 000Kilométrage160 000 kmN/A (Essence)ManuellePeugeot 205 tres propre/ Essence Manuel. Prix last: 1.400.000f Contact: 782718278 ou 764823888Publié il y a plus de 7 ans","Vendu52000 Peugeot 205DakarPrixCFA 1 400 000Kilométrage160 000 kmN/A (Essence)ManuellePeugeot 205 tres propre/ Essence Manuel. Prix last: 1.400.000f Contact: 782718278 ou 764823888Publié il y a plus de 7 ans","https://www.gaaraas.com/fr/vehicle_listings/annonce-peugeot-205-dakar-dakar-1934","",""
"1785857963-359","https://www.gaaraas.com/fr/users/dakar-auto?page=11","","","","","","","",""
"1785857963-360","https://www.gaaraas.com/fr/users/dakar-auto?page=11","","","Souscrire à notre newsletter","","","","",""
"1785857963-361","https://www.gaaraas.com/fr/users/dakar-auto?page=11","","","","","","","",""
"1785857968-362","https://www.gaaraas.com/fr/users/dakar-auto?page=11","PrixCFA 8 500 000","Dakar","Prix","2010 Nissan RogueDakarPrixCFA 8 500 000Kilométrage84 500 kmN/A (Essence)AutomatiqueNissan rogue année 2010 boîte automatique essence: Kilométrage 84500, le dernier prix est: 8.500.000f Contact: 782718278 ou 764823888Publié il y a plus de 7 ans","Vendu72010 Nissan RogueDakarPrixCFA 8 500 000Kilométrage84 500 kmN/A (Essence)AutomatiqueNissan rogue année 2010 boîte automatique essence: Kilométrage 84500, le dernier prix est: 8.500.000f Contact: 782718278 ou 764823888Publié il y a plus de 7 ans","https://www.gaaraas.com/fr/vehicle_listings/annonce-nissan-rogue-dakar-dakar-790","",""
"1785857974-363","https://www.gaaraas.com/fr/users/dakar-auto?page=10","","","","","","","",""
"1785857974-364","https://www.gaaraas.com/fr/users/dakar-auto?page=10","","","Souscrire à notre newsletter","","","","",""
"1785857974-365","https://www.gaaraas.com/fr/users/dakar-auto?page=10","","","","","","","",""
"1785857979-366","https://www.gaaraas.com/fr/users/dakar-auto?page=10","PrixCFA 2 600 000","Dakar","Prix","2009 Peugeot 308DakarPrixCFA 2 600 000Kilométrage120 000 kmN/A (Essence)ManuelleWantér 308 essence manuel climatisée 2009 mitasion 4/8/2011. Prix: 2.600.000f Contact Appel ou Whatsapp: 782718278 ou 764823888Publié il y a plus de 6 ans","Vendu72009 Peugeot 308DakarPrixCFA 2 600 000Kilométrage120 000 kmN/A (Essence)ManuelleWantér 308 essence manuel climatisée 2009 mitasion 4/8/2011. Prix: 2.600.000f Contact Appel ou Whatsapp: 782718278 ou 764823888Publié il y a plus de 6 ans","https://www.gaaraas.com/fr/vehicle_listings/annonce-peugeot-308-dakar-dakar-4138","",""
"1785857985-367","https://www.gaaraas.com/fr/users/dakar-auto?page=9","","","","","","","",""
"1785857985-368","https://www.gaaraas.com/fr/users/dakar-auto?page=9","","","Souscrire à notre newsletter","","","","",""
"1785857985-369","https://www.gaaraas.com/fr/users/dakar-auto?page=9","","","","","","","",""
"1785857994-370","https://www.gaaraas.com/fr/users/dakar-auto?page=9","PrixCFA 2 700 000","Dakar","Prix","2010 Renault ClioDakarPrixCFA 2 700 000Kilométrage120 000 kmN/A (Diesel)ManuelleClio 3 Annee 2010 Carburant diesel 4 cylindre Aucun probleme Prix: 2.700.000f Contact: 782718278 ou 764823888Publié il y a plus de 7 ans","Vendu72010 Renault ClioDakarPrixCFA 2 700 000Kilométrage120 000 kmN/A (Diesel)ManuelleClio 3 Annee 2010 Carburant diesel 4 cylindre Aucun probleme Prix: 2.700.000f Contact: 782718278 ou 764823888Publié il y a plus de 7 ans","https://www.gaaraas.com/fr/vehicle_listings/annonce-renault-clio-dakar-dakar-653","",""
"1785857999-371","https://www.gaaraas.com/fr/users/dakar-auto?page=8","","","","","","","",""
"1785857999-372","https://www.gaaraas.com/fr/users/dakar-auto?page=8","","","Souscrire à notre newsletter","","","","",""
"1785857999-373","https://www.gaaraas.com/fr/users/dakar-auto?page=8","","","","","","","",""
"1785858005-374","https://www.gaaraas.com/fr/users/dakar-auto?page=8","PrixCFA 2 000 000","Dakar","Prix","2004 Renault LagunaDakarPrixCFA 2 000 000Kilométrage160 000 kmN/A (Diesel)ManuelleLaguna Type2 / Diesel manuel /2004/ 4cylindres/moteur electronique propre. Prix: 2 millions Contact: 782718278 ou 764823888Publié il y a plus de 7 ans","Vendu62004 Renault LagunaDakarPrixCFA 2 000 000Kilométrage160 000 kmN/A (Diesel)ManuelleLaguna Type2 / Diesel manuel /2004/ 4cylindres/moteur electronique propre. Prix: 2 millions Contact: 782718278 ou 764823888Publié il y a plus de 7 ans","https://www.gaaraas.com/fr/vehicle_listings/annonce-renault-laguna-dakar-dakar-813","",""
"1785858011-375","https://www.gaaraas.com/fr/users/dakar-auto?page=7","","","","","","","",""
"1785858011-376","https://www.gaaraas.com/fr/users/dakar-auto?page=7","","","Souscrire à notre newsletter","","","","",""
"1785858011-377","https://www.gaaraas.com/fr/users/dakar-auto?page=7","","","","","","","",""
"1785858016-378","https://www.gaaraas.com/fr/users/dakar-auto?page=7","PrixCFA 3 800 000","Dakar","Prix","2006 Ford TaurusDakarPrixCFA 3 800 000Kilométrage200 000 kmN/A (Diesel)ManuelleWanter Ford Transit / Diesel manuel/ 20 places mentionnées 16places sur la carte a Grise/ Annee: 2006. Prix Kheweul: 3.800.000f Contact Appel ou Whatsapp: 782718278 ou 764823888Publié il y a presque 7 ans","Vendu42006 Ford TaurusDakarPrixCFA 3 800 000Kilométrage200 000 kmN/A (Diesel)ManuelleWanter Ford Transit / Diesel manuel/ 20 places mentionnées 16places sur la carte a Grise/ Annee: 2006. Prix Kheweul: 3.800.000f Contact Appel ou Whatsapp: 782718278 ou 764823888Publié il y a presque 7 ans","https://www.gaaraas.com/fr/vehicle_listings/annonce-ford-taurus-dakar-dakar-3404","",""
"1785858022-379","https://www.gaaraas.com/fr/users/dakar-auto?page=6","","","","","","","",""
"1785858022-380","https://www.gaaraas.com/fr/users/dakar-auto?page=6","","","Souscrire à notre newsletter","","","","",""
"1785858022-381","https://www.gaaraas.com/fr/users/dakar-auto?page=6","","","","","","","",""
"1785858027-382","https://www.gaaraas.com/fr/users/dakar-auto?page=6","PrixCFA 2 000 000","Dakar","Prix","2009 Ford FusionDakarPrixCFA 2 000 000Kilométrage144 000 kmN/A (Essence)AutomatiqueWanter!! Ford fusion SE essence automatique Année 2009 144000km Prix last: 2 millions Contact Appel ou Whatsapp: 782718278 ou 764823888.Publié il y a plus de 6 ans","Vendu122009 Ford FusionDakarPrixCFA 2 000 000Kilométrage144 000 kmN/A (Essence)AutomatiqueWanter!! Ford fusion SE essence automatique Année 2009 144000km Prix last: 2 millions Contact Appel ou Whatsapp: 782718278 ou 764823888.Publié il y a plus de 6 ans","https://www.gaaraas.com/fr/vehicle_listings/annonce-ford-fusion-dakar-dakar-4194","",""
"1785858033-383","https://www.gaaraas.com/fr/users/dakar-auto?page=5","","","","","","","",""
"1785858033-384","https://www.gaaraas.com/fr/users/dakar-auto?page=5","","","Souscrire à notre newsletter","","","","",""
"1785858033-385","https://www.gaaraas.com/fr/users/dakar-auto?page=5","","","","","","","",""
"1785858038-386","https://www.gaaraas.com/fr/users/dakar-auto?page=5","PrixCFA 3 500 000","Dakar","Prix","2011 Hyundai SonataDakarPrixCFA 3 500 000Kilométrage66 000 kmN/A (Essence)AutomatiqueBig Wanter Hyundai Sonata 2011/ 66.000km/ Essence automatique. Prix last: 3.500.000f Contact Appel ou Whatsapp: 782718278 ou 764823888Publié il y a environ 7 ans","Vendu102011 Hyundai SonataDakarPrixCFA 3 500 000Kilométrage66 000 kmN/A (Essence)AutomatiqueBig Wanter Hyundai Sonata 2011/ 66.000km/ Essence automatique. Prix last: 3.500.000f Contact Appel ou Whatsapp: 782718278 ou 764823888Publié il y a environ 7 ans","https://www.gaaraas.com/fr/vehicle_listings/annonce-hyundai-sonata-dakar-dakar-2221","",""
"1785858044-387","https://www.gaaraas.com/fr/users/dakar-auto?page=4","","","","","","","",""
"1785858044-388","https://www.gaaraas.com/fr/users/dakar-auto?page=4","","","Souscrire à notre newsletter","","","","",""
"1785858044-389","https://www.gaaraas.com/fr/users/dakar-auto?page=4","","","","","","","",""
"1785858050-390","https://www.gaaraas.com/fr/users/dakar-auto?page=4","PrixCFA 2 100 000","Dakar","Prix","2005 Citroen C5DakarPrixCFA 2 100 000Kilométrage334 000 kmN/A (Diesel)ManuelleWanter en urgence!! Citroen C4 en excellent etat/ Diesel manuel/ Annee: 2005 / 334.000km. Prix wanter: 2.100.000f Contact Appel ou Whatsapp: 782718278 ou 764823888.Publié il y a plus de 6 ans","Vendu112005 Citroen C5DakarPrixCFA 2 100 000Kilométrage334 000 kmN/A (Diesel)ManuelleWanter en urgence!! Citroen C4 en excellent etat/ Diesel manuel/ Annee: 2005 / 334.000km. Prix wanter: 2.100.000f Contact Appel ou Whatsapp: 782718278 ou 764823888.Publié il y a plus de 6 ans","https://www.gaaraas.com/fr/vehicle_listings/annonce-citroen-c5-dakar-dakar-4380","",""
"1785858057-391","https://www.gaaraas.com/fr/users/dakar-auto?page=3","","","","","","","",""
"1785858057-392","https://www.gaaraas.com/fr/users/dakar-auto?page=3","","","Souscrire à notre newsletter","","","","",""
"1785858057-393","https://www.gaaraas.com/fr/users/dakar-auto?page=3","","","","","","","",""
"1785858062-394","https://www.gaaraas.com/fr/users/dakar-auto?page=3","PrixCFA 2 300 000","Dakar","Prix","2008 Citroen C3DakarPrixCFA 2 300 000Kilométrage128 000 kmN/A (Diesel)ManuelleC3 en tres bon etat/ Diesel manuel / Climatisé / Moteur impect. Prix: 2.300.000f Contact: 782718278 ou 764823888Publié il y a plus de 7 ans","Vendu42008 Citroen C3DakarPrixCFA 2 300 000Kilométrage128 000 kmN/A (Diesel)ManuelleC3 en tres bon etat/ Diesel manuel / Climatisé / Moteur impect. Prix: 2.300.000f Contact: 782718278 ou 764823888Publié il y a plus de 7 ans","https://www.gaaraas.com/fr/vehicle_listings/annonce-citroen-c3-dakar-dakar-610","",""
"1785858068-395","https://www.gaaraas.com/fr/users/dakar-auto?page=2","","","","","","","",""
"1785858068-396","https://www.gaaraas.com/fr/users/dakar-auto?page=2","","","Souscrire à notre newsletter","","","","",""
"1785858068-397","https://www.gaaraas.com/fr/users/dakar-auto?page=2","","","","","","","",""
"1785858073-398","https://www.gaaraas.com/fr/users/dakar-auto?page=2","PrixCFA 3 800 000","Dakar","Prix","2005 Toyota Land Cruiser PradoDakarPrixCFA 3 800 000Kilométrage130 000 kmN/A (Diesel)ManuelleVente Toyota Landcruiser année 2005 07 places 02 reservoirs 02 roues de secours 17cv / 4 cylindres/ diesel manuel. Prix Wanter: 3.800.000f Contact Appel ou Whatsapp: 782718278 ou 764823888.Publié il y a plus de 6 ans","Vendu92005 Toyota Land Cruiser PradoDakarPrixCFA 3 800 000Kilométrage130 000 kmN/A (Diesel)ManuelleVente Toyota Landcruiser année 2005 07 places 02 reservoirs 02 roues de secours 17cv / 4 cylindres/ diesel manuel. Prix Wanter: 3.800.000f Contact Appel ou Whatsapp: 782718278 ou 764823888.Publié il y a plus de 6 ans","https://www.gaaraas.com/fr/vehicle_listings/annonce-toyota-land-cruiser-prado-dakar-dakar-4202","",""
"1785858078-399","https://www.gaaraas.com/fr/users/dakar-auto?page=1","","","","","","","",""
"1785858078-400","https://www.gaaraas.com/fr/users/dakar-auto?page=1","","","Souscrire à notre newsletter","","","","",""
"1785858078-401","https://www.gaaraas.com/fr/users/dakar-auto?page=1","","","","","","","",""
"1785858083-402","https://www.gaaraas.com/fr/users/dakar-auto?page=1","PrixCFA 2 500 000","Dakar","Prix","2003 Opel AstraDakarPrixCFA 2 500 000Kilométrage160 000 kmN/A (Diesel)ManuelleOpel gasoil manuel /papier complet 7places Prix: 2.500.000frs Contact: 782718278 ou 764823888Publié il y a plus de 7 ans","Vendu132003 Opel AstraDakarPrixCFA 2 500 000Kilométrage160 000 kmN/A (Diesel)ManuelleOpel gasoil manuel /papier complet 7places Prix: 2.500.000frs Contact: 782718278 ou 764823888Publié il y a plus de 7 ans","https://www.gaaraas.com/fr/vehicle_listings/annonce-opel-astra-dakar-dakar-1153","",""
